id,name,model_id,Models,Count,RTSP path(s),Mac Address Ranges,RTSP port,Notes
1,Avigilon Corporation,avigilon,Default,1,,,554,
2,AVTECH Corporation,avtech,"AVM265, AVM302A, AVM311, AVM317B, AVM328B, AVM328D, AVM332, AVM357A, AVM358C, AVM359A, AVM365A, AVM400B, AVM401, AVM402, AVM403, AVM411, AVM417A, AVM428D, AVM457A, AVM458C, AVM459B, AVM459C, AVM500, AVM503, AVM511, AVM521A, AVM542A, AVM542B, AVM552B, AVM552C, AVM561, AVM565A, AVM583, AVN216, AVN244, AVN257, AVN320, AVN362V, AVN363V, AVN420, AVN701EZ, AVN803EZ, AVN805, AVN806, AVN80X, AVN812, AVN815EZ, AVO402, AVO403, AVP571, Default",51,"live/h264, live/h264, live/h264, live/h264, live/h264, live/h264, live/h264, live/h264, live/h264, live/h264, live/h264, live/h264, live/h264, live/h264, live/h264, live/h264, live/h264, live/h264, live/h264, live/h264, live/h264, live/h264, live/h264, live/h264, live/h264, live/h264, live/h264, live/h264, live/h264, live/h264, live/h264, live/h264, live/h264, live/h264, live/h264, live/h264, live/h264, live/h264, live/h264, live/h264, live/h264, live/h264, live/h264, live/h264, live/h264, live/h264, live/h264, live/h264, live/h264, live/h264",,554,
3,Panasonic Communications,panasonic,"BB-HCM371A, BB-HCM511A, BB-HCM527A, BB-HCM531A, BB-HCM547A, BB-HCM580A, BB-HCM581A, BB-HCM701A, BB-HCM705A, BB-HCM715A, BB-HCM735A, BL-C101, BL-C121, BL-C131, BL-C140, BL-C160, BL-C160A, BL-C210, BL-C230, BL-C230A, BL-C30C, BL-VP101, BL-VP104, BL-VP104W, BL-VT164, BL-VT164W, Default, POCNP244L2, POCNP244L5, WV-CF504, WV-CP300, WV-CP310, WV-CW594A, WV-NF302, WV-NP502, WV-NS202A, WV-NS954, WV-NW484S, WV-NW502S, WV-NW964, WV-SC384, WV-SC385, WV-SC385 II, WV-SC386, WV-SC588, WV-SF132, WV-SF135, WV-SF138, WV-SF332, WV-SF335, WV-SF336, WV-SF342, WV-SF346, WV-SF438, WV-SF538, WV-SF539, WV-SF548, WV-SF549, WV-SFN611L, WV-SFN631L, WV-SFR611L, WV-SFR631L, WV-SFV611L, WV-SFV631L, WV-SP102, WV-SP105, WV-SP302, WV-SP305, WV-SP306, WV-SP508, WV-SP509, WV-ST162, WV-ST165, WV-SW115, WV-SW152, WV-SW155, WV-SW158, WV-SW172, WV-SW174W, WV-SW175, WV-SW314, WV-SW316, WV-SW316L, WV-SW352, WV-SW355, WV-SW395, WV-SW395A, WV-SW396, WV-SW396A, WV-SW458, WV-SW558, WV-SW559, WV-SW598",93,"MediaInput/h264, MediaInput/h264, MediaInput/h264, MediaInput/h264, MediaInput/h264, MediaInput/h264, MediaInput/h264, MediaInput/h264, MediaInput/h264, MediaInput/h264, MediaInput/h264, MediaInput/h264, MediaInput/h264, MediaInput/h264, MediaInput/h264, MediaInput/h264, MediaInput/h264, MediaInput/h264, MediaInput/h264, MediaInput/h264, MediaInput/h264, MediaInput/h264, MediaInput/h264, MediaInput/h264, MediaInput/h264, MediaInput/h264, MediaInput/h264, MediaInput/h264, MediaInput/h264, MediaInput/h264, MediaInput/h264, MediaInput/h264, MediaInput/h264, MediaInput/h264, MediaInput/h264, MediaInput/h264, MediaInput/h264, MediaInput/h264, MediaInput/h264, MediaInput/h264, MediaInput/h264, MediaInput/h264, MediaInput/h264, MediaInput/h264, MediaInput/h264, MediaInput/h264, MediaInput/h264, MediaInput/h264, MediaInput/h264, MediaInput/h264, MediaInput/h264, MediaInput/h264, MediaInput/h264, MediaInput/h264, MediaInput/h264, MediaInput/h264, MediaInput/h264, MediaInput/h264, MediaInput/h264, MediaInput/h264, MediaInput/h264, MediaInput/h264, MediaInput/h264, MediaInput/h264, MediaInput/h264, MediaInput/h264, MediaInput/h264, MediaInput/h264, MediaInput/h264, MediaInput/h264, MediaInput/h264, MediaInput/h264, MediaInput/h264, MediaInput/h264, MediaInput/h264, MediaInput/h264, MediaInput/h264, MediaInput/h264, MediaInput/h264, MediaInput/h264, MediaInput/h264, MediaInput/h264, MediaInput/h264, MediaInput/h264, MediaInput/h264, MediaInput/h264, MediaInput/h264, MediaInput/h264, MediaInput/h264, MediaInput/h264, MediaInput/h264, MediaInput/h264, MediaInput/h264",(00:80:F0|08:00:23|BC:C3:42|4C:36:4E),554,
4,Vivotek,vivotek,"AB5353H, AF5127, AF5127V, BB5116, BB5315, BD5115, BD5336, BS5332E, CC8130, Default, FD7131, FD7132, FD7141, FD8131, FD8131V, FD8133, FD8133V, FD8134, FD8134V, FD8135H, FD8136, FD8137H, FD8137HV, FD8151V, FD8154, FD8154V, FD8156, FD8161, FD8162, FD8162, FD8163, FD8164, FD8164V, FD8166, FD8168, FD8171, FD8335H, FD8355EHV, FD8361, FD8361L, FD8362, FD8362E, FD8363, FD8365EHV, FD8371EV, FD8371V, FD8372, FE8171V, FE8172, FE8172V, FE8173, FE8174, FE8174V, IB8156, IB8168, IB8354-C, IP7130, IP7133, IP7134, IP7142, IP7153, IP7154, IP7160, IP7161, IP7330, IP7361, IP8130, IP8130W, IP8131, IP8131W, IP8132, IP8133, IP8133W, IP8151, IP8151P, IP8152, IP8161, IP8162, IP8162P, IP8172, IP8172P, IP8173H, IP8330, IP8331, IP8332, IP8332-C, IP8335H, IP8336W, IP8337H-C, IP8352, IP8355EH, IP8361, IP8362, IP8364-C, IP8365EH, IP8371, IP8371E, IP8372, MD7530, MD7560, MD7560, MD7560X, MD8531H, MD8562, PD8136, PT 3117, PT7135, PT7137, PT8133, PT8133W, PZ7131, PZ7132, PZ7151, PZ7152, PZ71X1, PZ71X2, PZ8111, PZ8111W, PZ8121, PZ8121W, SD7151, SD73X3, SD8111, SD8121, SD81X1, SD8311E, SD8312E, SD8313E, SD8314E, SD8316E, SD8321E, SD8322E, SD8323E, SD8324E, SD8326E, SD8362E, SD8362E, SD8362E-SS, SD8363E, SD83X1E, SD83X2E, SD83X3E, SF8172, SF8172V, SF8174, SF8174V",146,"live.sdp, live.sdp, live.sdp, live.sdp, live.sdp, live.sdp, live.sdp, live.sdp, live.sdp, live.sdp, live.sdp, live.sdp, live.sdp, live.sdp, live.sdp, live.sdp, live.sdp, live.sdp, live.sdp, live.sdp, live.sdp, live.sdp, live.sdp, live.sdp, live.sdp, live.sdp, live.sdp, live.sdp, live.sdp, live.sdp, live.sdp, live.sdp, live.sdp, live.sdp, live.sdp, live.sdp, live.sdp, live.sdp, live.sdp, live.sdp, live.sdp, live.sdp, live.sdp, live.sdp, live.sdp, live.sdp, live.sdp, live.sdp, live.sdp, live.sdp, live.sdp, live.sdp, live.sdp, live.sdp, live.sdp, live.sdp, live.sdp, live.sdp, live.sdp, live.sdp, live.sdp, live.sdp, live.sdp, live.sdp, live.sdp, live.sdp, live.sdp, live.sdp, live.sdp, live.sdp, live.sdp, live.sdp, live.sdp, live.sdp, live.sdp, live.sdp, live.sdp, live.sdp, live.sdp, live.sdp, live.sdp, live.sdp, live.sdp, live.sdp, live.sdp, live.sdp, live.sdp, live.sdp, live.sdp, live.sdp, live.sdp, live.sdp, live.sdp, live.sdp, live.sdp, live.sdp, live.sdp, live.sdp, live.sdp, live.sdp, live.sdp, live.sdp, live.sdp, live.sdp, live.sdp, live.sdp, live.sdp, live.sdp, live.sdp, live.sdp, live.sdp, live.sdp, live.sdp, live.sdp, live.sdp, live.sdp, live.sdp, live.sdp, live.sdp, live.sdp, live.sdp, live.sdp, live.sdp, live.sdp, live.sdp, live.sdp, live.sdp, live.sdp, live.sdp, live.sdp, live.sdp, live.sdp, live.sdp, live.sdp, live.sdp, live.sdp, live.sdp, live.sdp, live.sdp, live.sdp, live.sdp, live.sdp, live.sdp, live.sdp, live.sdp",,554,
5,Evercam Capture,evercam-capture,"BACK CAMERA, Default, FRONT CAMERA",3,,,554,
6,Arecont Vision,arecont-vision,"AV10005, AV10115, AV10115V1, AV10225PMIR, AV10225PMTIR, AV10255AMIR, AV10255PMTIR-H, AV1115, AV1115V1, AV1125, AV1125DNV1, AV1125DNV1X, AV1125IR, AV1125IRV1, AV1125IRV1X, AV1145-3310-D, AV1145-3310-W, AV1145DN-3310-D, AV1145DN-3310-D-LG, AV1145DN-3310-W, AV12186DN, AV12366DN, AV1255AM, AV1300, AV1300M, AV1305, AV1310, AV1315, AV1325, AV1355, AV1455DN-F, AV1455DN-S, AV20185CO, AV20185DN, AV20365CO, AV20365DN, AV2100, AV2100M, AV2105, AV2110, AV2115, AV2115V1, AV2116DN, AV2116DNV1, AV2125, AV2125DNV1, AV2125DNV1X, AV2125IRV1, AV2125IRV1X, AV2145-3310-D, AV2145-3310-W, AV2145DN-3310-D, AV2145DN-3310-D-LG, AV2145DN-3310-W, AV2146DN-3310-D, AV2146DN-3310-D-LG, AV2146DN-3310-W, AV2155, AV2225PMIR, AV2225PMTIR, AV2226PMIR, AV2226PMTIR, AV2245PM-D, AV2245PM-D-LG, AV2245PM-W, AV2246PM-D, AV2246PM-D-LG, AV2246PM-W, AV2255AM, AV2255PMTIR-H, AV2256PM, AV2256PMTIR, AV2455DN-F, AV2455DN-S, AV2456DN-F, AV2456DN-S, AV2805, AV2815, AV2825, AV3100, AV3100M, AV3105, AV3110, AV3115, AV3115V1, AV3116DNV1, AV3125, AV3125DNV1, AV3125DNV1X, AV3125IRV1, AV3125IRV1X, AV3130, AV3135, AV3145-3310-D, AV3145-3310-W, AV3145DN-3310-D, AV3145DN-3310-D-LG, AV3145DN-3310-W, AV3146DN-3310-D, AV3146DN-3310-D-LG, AV3146DN-3310-W, AV3155, AV3225PMIR, AV3225PMTIR, AV3226PMIR, AV3226PMTIR, AV3236DN, AV3245PM-D, AV3245PM-D-LG, AV3245PM-W, AV3246PM-D, AV3246PM-D-LG, AV3246PM-W, AV3255AM, AV3255PMTIR-H, AV3256PM, AV3256PMTIR, AV3455DN-F, AV3455DN-S, AV3456DN-F, AV3456DN-S, AV40185DN, AV5100, AV5105, AV5110, AV5115, AV5115V1, AV5125, AV5125DNV1, AV5125DNV1X, AV5125IRV1, AV5125IRV1X, AV5145-3310-D, AV5145-3310-W, AV5145DN-3310-D, AV5145DN-3310-D-LG, AV5145DN-3310-W, AV5155, AV5225PMIR, AV5225PMTIR, AV5245DN-01-D, AV5245DN-01-D-LG, AV5245DN-01-W, AV5245PM-D, AV5245PM-D-LG, AV5245PM-W, AV5255AM, AV5255PMTIR-H, AV5455DN-F, AV5455DN-S, AV8180, AV8185, AV8185CO, AV8185DN, AV8360, AV8365, AV8365CO, AV8365DN, D4F-AV1115-3312, D4F-AV1115V1-3312, D4F-AV2115-3312, D4F-AV2115V1-3312, D4F-AV3115-3312, D4F-AV3115V1-3312, D4F-AV5115-3312, D4F-AV5115V1-3312, D4S-AV1115-3312, D4S-AV1115V1-3312, D4S-AV2115-3312, D4S-AV2115V1-3312, D4S-AV3115-3312, D4S-AV3115V1-3312, D4S-AV5115-3312, D4S-AV5115V1-3312, D4SO-AV1115-3312, D4SO-AV1115V1-3312, D4SO-AV2115-3312, D4SO-AV2115V1-3312, D4SO-AV3115-3312, D4SO-AV3115V1-3312, D4SO-AV5115-3312, D4SO-AV5115V1-3312, Default",183,"h264.sdp, h264.sdp, h264.sdp, h264.sdp, h264.sdp, h264.sdp, h264.sdp, h264.sdp, h264.sdp, h264.sdp, h264.sdp, h264.sdp, h264.sdp, h264.sdp, h264.sdp, h264.sdp, h264.sdp, h264.sdp, h264.sdp, h264.sdp, h264.sdp, h264.sdp, h264.sdp, h264.sdp, h264.sdp, h264.sdp, h264.sdp, h264.sdp, h264.sdp, h264.sdp, h264.sdp, h264.sdp, h264.sdp, h264.sdp, h264.sdp, h264.sdp, h264.sdp, h264.sdp, h264.sdp, h264.sdp, h264.sdp, h264.sdp, h264.sdp, h264.sdp, h264.sdp, h264.sdp, h264.sdp, h264.sdp, h264.sdp, h264.sdp, h264.sdp, h264.sdp, h264.sdp, h264.sdp, h264.sdp, h264.sdp, h264.sdp, h264.sdp, h264.sdp, h264.sdp, h264.sdp, h264.sdp, h264.sdp, h264.sdp, h264.sdp, h264.sdp, h264.sdp, h264.sdp, h264.sdp, h264.sdp, h264.sdp, h264.sdp, h264.sdp, h264.sdp, h264.sdp, h264.sdp, h264.sdp, h264.sdp, h264.sdp, h264.sdp, h264.sdp, h264.sdp, h264.sdp, h264.sdp, h264.sdp, h264.sdp, h264.sdp, h264.sdp, h264.sdp, h264.sdp, h264.sdp, h264.sdp, h264.sdp, h264.sdp, h264.sdp, h264.sdp, h264.sdp, h264.sdp, h264.sdp, h264.sdp, h264.sdp, h264.sdp, h264.sdp, h264.sdp, h264.sdp, h264.sdp, h264.sdp, h264.sdp, h264.sdp, h264.sdp, h264.sdp, h264.sdp, h264.sdp, h264.sdp, h264.sdp, h264.sdp, h264.sdp, h264.sdp, h264.sdp, h264.sdp, h264.sdp, h264.sdp, h264.sdp, h264.sdp, h264.sdp, h264.sdp, h264.sdp, h264.sdp, h264.sdp, h264.sdp, h264.sdp, h264.sdp, h264.sdp, h264.sdp, h264.sdp, h264.sdp, h264.sdp, h264.sdp, h264.sdp, h264.sdp, h264.sdp, h264.sdp, h264.sdp, h264.sdp, h264.sdp, h264.sdp, h264.sdp, h264.sdp, h264.sdp, h264.sdp, h264.sdp, h264.sdp, h264.sdp, h264.sdp, h264.sdp, h264.sdp, h264.sdp, h264.sdp, h264.sdp, h264.sdp, h264.sdp, h264.sdp, h264.sdp, h264.sdp, h264.sdp, h264.sdp, h264.sdp, h264.sdp, h264.sdp, h264.sdp, h264.sdp, h264.sdp, h264.sdp, h264.sdp, h264.sdp, h264.sdp, h264.sdp, h264.sdp, h264.sdp, h264.sdp, h264.sdp, h264.sdp, h264.sdp",,554,
7,Airlive,airlive,"BC-5010, BU-2015, BU-3025, BU-3025V2, BU-3026, BU-3026-IVS, BU-720, CU-720PIR, CW-720, Default, DM-720, FE-200CU, FE-200DM, FE-200VD, IP-200PHD-24, MD-3025, MD-3025-IVS, MD-720, OD-2025HD, OD-2050HD, OD-2060HD, POE-100HD-ICR, POE-200CAM-V2, POE-250HD, POE-2600HD, POE-260CAM, POE-5010HD, SD-2020, WL-350HD, WN-150CAM, WN-200HD, WN-2600HD",32,"cgi/h264/h264.cgi, cgi/h264/stream1.cgi, cgi/h264/stream1.cgi, cgi/h264/stream1.cgi, axis-media/media.amp?videocodec=h264, axis-media/media.amp?videocodec=h264, video.pro1, h264/media.amp, h264/media.amp, cgi/h264/h264.cgi, video.pro1, h264/media.amp, cgi/h264/h264.cgi, cgi/h264/h264.cgi, video.pro1, h264/media.amp, h264/media.amp, h264/media.amp, h264/media.amp, video.pro1, h264/media.amp, h264/media.amp, video.pro1, cgi/h264/h264.cgi, video.h264, video.pro1, h264/media.amp, h264/media.amp",,554,
8,ABUS Security-Center,abus,"CASA20550, Default, TV7203, TV7204, TVIP0055B, TVIP10001, TVIP10005B, TVIP10051, TVIP10055B, TVIP11000, TVIP11502, TVIP11552, TVIP21502, TVIP21552, TVIP22500, TVIP31001, TVIP31050, TVIP31501, TVIP31551, TVIP32500, TVIP41500, TVIP41550, TVIP51550, TVIP52502, TVIP60550, TVIP62500, TVIP71501, TVIP71551, TVIP72000, TVIP72500, TVIP81000, TVIP81100, TVIP82000, TVIP82100",34,"live.sdp, video.h264, live.sdp, live.sdp, live.sdp, live.sdp, live.sdp, live.sdp, live.sdp, live.sdp, live.sdp, live.sdp, live.sdp, live.sdp, live.sdp, live.sdp, live.sdp, live.sdp, live.sdp, live.sdp, live.sdp, live.sdp, live.sdp, live.sdp, live.sdp, live.sdp, live.sdp, live.sdp",,554,
9,Foscam,foscam,"Default, FI8601W(S), FI8602W(S), FI8608W(B), FI8620, FI8904W, FI8905E, FI8905W, FI8906W, FI8907W, FI8908W (WHITE), FI8909W, FI8910E, FI8910W, FI8916W, FI8918W, FI9801W, FI9802W, FI9803P, FI9804W, FI9805E, FI9805W, FI9818W, FI9819W, FI9821P, FI9821W, FI9826P, FI9826W, FI9828W, FI9831W, FI9851P, FOSBABY",32,"videoMain, videoMain, videoMain, videoMain, videoMain, videoMain, videoMain, videoMain, videoMain, videoMain, videoMain, videoMain, videoMain, videoMain, videoMain, videoMain, videoMain, videoMain, videoMain, videoMain, videoMain, videoMain, videoMain, videoMain, videoMain",,554,
10,Android,android,"BACK CAMERA, Default, FRONT CAMERA, IP WEBCAM",4,,,554,
11,Bosch,bosch,Default,1,,,554,
12,Brickcom,brickcom,"CB-100AE, CB-100AE-VGA, CB-100AP, CB-102AE V2, CB-200AP, CB-202AP, CB-300AP, CB-302AP, CB-500AP, CB-500AP-360P, CB-502AP, Default, FB-100AE, FB-200AP, FB-200NP V4, FB-200NP V5, FB-205NP, FB-300AP, FB-300NP V5, FB-500AP, FD-130NP, FD-131AF, FD-200AP V5, FD-200NP V5, FD-201AF, FD-202AP V5, FD-202NP V5, FD-300AP V5, FD-300NP V5, FD-301AF, FD-302AP V5, FD-302NP V5, FD-500AP V5, FD-501AF, FD-502AP V5, GOB-200AP V5, GOB-200NP, GOB-200NP V5, GOB-300AP V5, GOB-300NP, GOB-300NP V5, GOB-500AP V5, MB-130AP, MB-200AP, MB-300AP, MB-500AP, MD-100AE, MD-100AP, MD-200AP, MD-200NP, MD-300AP, MD-300NP, MD-300NP-360P, MD-500AP, MD-500AP-360P, OB-130AF, OB-130NP, OB-200AF, OB-200AF V5, OB-200AP V5, OB-200NF V5, OB-200NP, OB-200NP V5, OB-202AE V5, OB-202AP V5, OB-202NE V5, OB-202NP, OB-202NP V5, OB-300AF, OB-300AF V5, OB-300AP V5, OB-300NF V5, OB-300NP, OB-300NP V5, OB-302AE V5, OB-302AP V5, OB-302NE V5, OB-302NP, OB-302NP V5, OB-500AF, OB-500AF V5, OB-500AP V5, OB-502AE V5, OB-502AP V5, OSD-040D 36XP, OSD-040E 36XP, OSD-200A 20XP, OSD-200A 20XP-SE, PH-100AH KIT-A, PH-100AH KIT-B, PZ-040D 12XP, PZ-040E 12XP, VD-130NP, VD-131AF, VD-200AF, VD-200AP V5, VD-200NF, VD-200NP, VD-200NP V5, VD-201AF, VD-202AP V5, VD-202NP, VD-202NP V5, VD-300AF, VD-300AP V5, VD-300NF, VD-300NP, VD-300NP V5, VD-301AF, VD-302AP V5, VD-302NP, VD-302NP V5, VD-500AF, VD-500AP V5, VD-501AF, VD-502AP V5, WFB-130NP, WFB-300NP V5, WMB-130AP, WMB-200AP, WMB-300AP, WMB-500AP, WOB-200AP V5, WOB-200NP, WOB-200NP V5, WOB-300AP V5, WOB-300NP, WOB-300NP V5, WOB-500AP V5",129,"channel1, channel1, channel1, channel1, channel1, channel1, channel1, channel1, channel1, channel1, channel1, channel1, channel1, channel1, channel1, channel1, channel1, channel1, channel1, channel1, channel1, channel1, channel1, channel1, channel1, channel1, channel1, channel1, channel1, channel1, channel1, channel1, channel1, channel1, channel1, channel1, channel1, channel1, channel1, channel1, channel1, channel1, channel1, channel1, channel1, channel1, channel1, channel1, channel1, channel1, channel1, channel1, channel1, channel1, channel1, channel1, channel1, channel1, channel1, channel1, channel1, channel1, channel1, channel1, channel1, channel1, channel1, channel1, channel1, channel1, channel1, channel1, channel1, channel1, channel1, channel1, channel1, channel1, channel1, channel1, channel1, channel1, channel1, channel1, channel1, channel1, channel1, channel1, channel1, channel1, channel1, channel1, channel1, channel1, channel1, channel1, channel1, channel1, channel1, channel1, channel1, channel1, channel1, channel1, channel1, channel1, channel1, channel1, channel1, channel1, channel1, channel1, channel1, channel1, channel1, channel1, channel1, channel1, channel1, channel1, channel1, channel1, channel1, channel1, channel1, channel1, channel1, channel1, channel1",,554,
13,DB,db,"Default, POWER",2,,,554,
14,Easy N,easy-n,Default,1,,,554,
15,IP Camera,ip-camera,Default,1,,,554,
16,Loftek,loftek,Default,1,,,554,
17,Longvast,longvast,"Default, GRANVISTA PLUS, GRANVISTA VGA",3,,,554,
18,Wansview,wansview,"Default, NC530/W, NC531M/W, NC536MW, NC540/W, NC543W, NC546W, NC550W, NCB-540/W, NCH-530W, NCH-531MW, NCH-532MW, NCL-610W, NCL-611W, NCL-615W, NCM-620W, NCM-621KW, NCM-621W, NCM-622W, NCM-623W, NCM-624W, NCM-625W, NCM-626W, NCM-627W, NCM-628W, NCM-629W, NCZ-550MW, NCZ-550W, NCZ-551MW, NCZ-552MW, NCZ-553MW, NCZ-554MW, NCZ-555MW",33,,,554,
19,Zenith,zenith,Default,1,,,554,
20,ACTi,acti,"ACM-1231, ACM-1431, ACM-1511, ACM-3311, ACM-3601, ACM-3603, ACM-3701, ACM-3701E, ACM-3703, ACM-4201, ACM-5601, ACM-5611, ACM-5811, ACM-7411, ACM-8511, B21, B210, B211, B212, B213, B214, B215, B216, B217, B220, B221, B222, B24, B25, B27, B28, B41, B410, B411, B413, B414, B415, B416, B417, B418, B420, B421, B422, B44, B45, B47, B48, B51, B52, B53, B54, B55, B56, B59, B61, B613, B614, B64, B65, B67, B68, B69, B74, B81, B811, B812, B813, B814, B815, B84, B85, B87, B88, B89, B91, B910, B913, B914, B915, B916, B917, B918, B919, B92, B920, B921, B924, B925, B926, B928, B929, B93, B930, B931, B932, B933, B936, B937, B94, B95, B96, B97, B99, D11, D21F, D21FA, D21V, D21VA, D22F, D22FA, D22V, D22VA, D31, D32, D41, D42, D51, D52, D54, D55, D61, D61A, D62, D64, D65, D65A, D71, D71A, D72, D72A, D81, D81A, D82, D82A, D91, D92, Default, E11, E12, E13, E14, E15, E16, E212, E213, E214, E215, E217, E219, E21F, E21FA, E21V, E21VA, E220, E221, E222, E223, E224, E22F, E22FA, E22V, E22VA, E23, E23A, E24, E24A, E25, E25A, E270, E271, E280, E281, E31, E32, E33, E34, E35, E36, E37, E38, E41, E413, E414, E415, E417, E418, E41A, E42, E420, E42A, E42B, E43, E43A, E43B, E44, E45, E46, E47, E48, E49, E51, E52, E53, E54, E56, E57, E58, E59, E61, E610, E611, E616, E617, E618, E62, E620, E621, E62A, E63, E63A, E64, E65, E65A, E66, E66A, E67, E68, E69, E71, E710, E72, E72A, E73, E74, E74A, E75, E76, E77, E78, E81, E810, E814, E815, E816, E817, E819, E82, E820, E821, E822, E82A, E83, E83A, E84, E84A, E85, E86, E86A, E88, E89, E91, E910, E918, E918M, E919, E919M, E92, E920, E920M, E921, E921M, E922, E922M, E923, E923M, E924, E925, E926, E927, E928, E929, E93, E930, E931, E94, E95, E96, E97, E98, E99, I23, I24, I25, I26, I27, I28, I29, I43, I44, I45, I46, I47, I48, I49, I51, I52, I53, I71, I72, I73, I74, I75, I810, I83, I84, I85, I86, I87, I88, I91, I910, I911, I912, I913, I914, I916, I917, I919, I92, I920, I925, I927, I928, I93, I94, I95, I96, I97, I98, KCM-3311, KCM-3911, KCM-5111, KCM-5211, KCM-5211E, KCM-5311E, KCM-5511, KCM-5611, KCM-7111, KCM-7211, KCM-7311, KCM-7911, KCM-8111, KCM-8211, TCM-1111, TCM-1231, TCM-1511, TCM-3111, TCM-3401, TCM-3411, TCM-3511, TCM-4001, TCM-4511, TCM-5111, TCM-5311, TCM-5601, TCM-5611, TCM-6630, TCM-7411, TCM-7811",369,"/, /, /, /, /, /, /",,554,
21,ABS,abs,"Default, MEGACAM 311M, MEGACAM 312M, MEGACAM 4210, MEGACAM 421M, MEGACAM 4220, MEGACAM 422M",7,"media.amp, media.amp, media.amp, media.amp, media.amp, media.amp, media.amp",,554,
22,Samsung,samsung,"Default, IPOLIS, SNB-1001, SNB-2000, SNB-3000, SNB-3002, SNB-5000, SNB-5001, SNB-5004, SNB-6003, SNB-6004, SNB-6010, SNB-7001, SNB-7002, SND-1011, SND-1080, SND-3080, SND-3080C, SND-3082, SND-5011, SND-5061, SND-5080, SND-5084, SND-6011R, SND-6083, SND-6084, SND-6084R, SND-7011, SND-7061, SND-7080, SND-7082, SND-7084, SND-7084R, SNF-7010, SNF-7010V, SNF-7010-VM, SNH-1011, SNH-P6410BN, SNO-6011R, SNO-6084R, SNO-7080R, SNO-7082R, SNO-7084R, SNP-3120, SNP-3121, SNP-3122, SNP-3302H, SNP-3371, SNP-3371TH, SNP-5200, SNP-5200H, SNP-5300, SNP-5300H, SNP-6200, SNP-6200H, SNP-6200RH, SNP-6201, SNP-6201H, SNP-6320, SNP-6320H, SNV-1080, SNV-1080R, SNV-3080, SNV-3082, SNV-3120, SNV-5010, SNV-5080, SNV-5084, SNV-6012M, SNV-6013, SNV-6084, SNV-6084R, SNV-7080, SNV-7080R, SNV-7082, SNV-7084, SNV-7084R, SNZ-5200",78,"H.264/media.smp, H.264/media.smp, H.264/media.smp, H.264/media.smp, H.264/media.smp, H.264/media.smp, H.264/media.smp, H.264/media.smp, H.264/media.smp, H.264/media.smp, H.264/media.smp, H.264/media.smp, H.264/media.smp, H.264/media.smp, H.264/media.smp, H.264/media.smp, H.264/media.smp, H.264/media.smp, H.264/media.smp, H.264/media.smp, H.264/media.smp, H.264/media.smp, H.264/media.smp, H.264/media.smp, H.264/media.smp, H.264/media.smp, H.264/media.smp, H.264/media.smp, H.264/media.smp, H.264/media.smp, H.264/media.smp, H.264/media.smp, H.264/media.smp, H.264/media.smp, H.264/media.smp, H.264/media.smp, H.264/media.smp, H.264/media.smp, H.264/media.smp, H.264/media.smp, H.264/media.smp, H.264/media.smp, H.264/media.smp, H.264/media.smp, H.264/media.smp, H.264/media.smp, H.264/media.smp, H.264/media.smp, H.264/media.smp, H.264/media.smp, H.264/media.smp, H.264/media.smp, H.264/media.smp, H.264/media.smp, H.264/media.smp, H.264/media.smp, H.264/media.smp, H.264/media.smp, H.264/media.smp, H.264/media.smp, H.264/media.smp, H.264/media.smp, H.264/media.smp, H.264/media.smp, H.264/media.smp, H.264/media.smp, H.264/media.smp, H.264/media.smp, H.264/media.smp, H.264/media.smp, H.264/media.smp, H.264/media.smp, H.264/media.smp, H.264/media.smp, H.264/media.smp, H.264/media.smp, H.264/media.smp",,554,
23,IC Realtime,icrealtime,"BEAM720-24-W-200, Default, ELIP-3000N, IC-i1a-DF3W-IO, IC-i1a-DF3W-OV, IC-i1a-DVW-AIOV, IC-i2a-BVW-AIO, IC-i2a-DF2W-OV, IC-i2a-DF3W-OV, IC-i2a-PX12W-AC, IC-i2a-PX12W-AO, IC-i2t-PX20W-AIOY, IC-i3a-BF3B-IO, IC-i3a-BVW-IO, IC-i3a-DF3B-IO, IC-i3a-DF3W-MOPV, IC-i3t-DVW-ACIOVW, IC-i3t-XCW-AW, IC-ila-BF3W-IO, ICIP-30001HD-IR, ICIP-30001HD-IR-I, ICIP-3000CCD-W, ICIP-360L12, ICIP-360L4, ICIP-360L6, ICIP-B1300, ICIP-B1300-B, ICIP-B1300VIR, ICIP-B2000, ICIP-B2000-B, ICIP-B2000S, ICIP-B2730, ICIP-B2732Z, ICIP-B3000AF, ICIP-B3730, ICIP-B3732Z, ICIP-B5000AF, ICIP-B580, ICIP-BW210, ICIP-D1300-2.8, ICIP-D1300-IR, ICIP-D1300VIR, ICIP-D2000-2.8, ICIP-D2000-IR, ICIP-D2000VIR, ICIP-D2000VIR-B, ICIP-D2000VIR-B-D, ICIP-D2010-IR, ICIP-D2010-IR-D, ICIP-D2010-IR-D 2.8, ICIP-D2077P, ICIP-D2360, ICIP-D2730, ICIP-D2732Z, ICIP-D3000-2.8, ICIP-D3000-AIR, ICIP-D3000VIR, ICIP-D3000VIR-I, ICIP-D3000VIR-M, ICIP-D3010-IR, ICIP-D3010-IR-D, ICIP-D3077P, ICIP-D3730, ICIP-D3732Z, ICIP-D4002-IR-2.8, ICIP-D5000VIR, ICIP-D565-IR, ICIP-DW102, ICIP-DW112, ICIP-DW202, ICIP-DW212, ICIP-MP1801-FM, ICIP-MP1801S, ICIP-MP1808-IR, ICIP-MP2008-IR, ICIP-P2012C, ICIP-P2012S, ICIP-P2012T, ICIP-P2040-IR, ICIP-P2040W-IR, ICIP-P2300Y-IR, ICIP-P2300Y-L, ICIP-P2400-L, ICIP-P3020HD-IR, ICIP-P5330-AIR, ICIP-PW100, ICIP-S1300WDR, ICIP-S2000, ICIP-S3000AF, ICIP-S565-P, ICIP-Z1801-WDR, ICIP-Z3601WDR, MAIP-D2000-2.8-S, MAIP-D2000-2.8-W, MAIP-D2360-S, MAIP-D2360-W",96,"cam/realmonitor?channel=1&subtype=0, cam/realmonitor?channel=1&subtype=0, cam/realmonitor?channel=1&subtype=0, cam/realmonitor?channel=1&subtype=0, cam/realmonitor?channel=1&subtype=0, cam/realmonitor?channel=1&subtype=0, cam/realmonitor?channel=1&subtype=0, cam/realmonitor?channel=1&subtype=0, cam/realmonitor?channel=1&subtype=0, cam/realmonitor?channel=1&subtype=0, cam/realmonitor?channel=1&subtype=0, cam/realmonitor?channel=1&subtype=0, cam/realmonitor?channel=1&subtype=0, cam/realmonitor?channel=1&subtype=0, cam/realmonitor?channel=1&subtype=0, cam/realmonitor?channel=1&subtype=0, cam/realmonitor?channel=1&subtype=0, cam/realmonitor?channel=1&subtype=0, cam/realmonitor?channel=1&subtype=0, cam/realmonitor?channel=1&subtype=0, cam/realmonitor?channel=1&subtype=0, cam/realmonitor?channel=1&subtype=0, cam/realmonitor?channel=1&subtype=0, cam/realmonitor?channel=1&subtype=0, cam/realmonitor?channel=1&subtype=0, cam/realmonitor?channel=1&subtype=0, cam/realmonitor?channel=1&subtype=0, cam/realmonitor?channel=1&subtype=0, cam/realmonitor?channel=1&subtype=0, cam/realmonitor?channel=1&subtype=0, cam/realmonitor?channel=1&subtype=0, cam/realmonitor?channel=1&subtype=0, cam/realmonitor?channel=1&subtype=0, cam/realmonitor?channel=1&subtype=0, cam/realmonitor?channel=1&subtype=0, cam/realmonitor?channel=1&subtype=0, cam/realmonitor?channel=1&subtype=0, cam/realmonitor?channel=1&subtype=0, cam/realmonitor?channel=1&subtype=0, /, cam/realmonitor?channel=1&subtype=0, cam/realmonitor?channel=1&subtype=0, /, cam/realmonitor?channel=1&subtype=0, cam/realmonitor?channel=1&subtype=0, cam/realmonitor?channel=1&subtype=0, cam/realmonitor?channel=1&subtype=0, cam/realmonitor?channel=1&subtype=0, cam/realmonitor?channel=1&subtype=0, /, cam/realmonitor?channel=1&subtype=0, cam/realmonitor?channel=1&subtype=0, cam/realmonitor?channel=1&subtype=0, cam/realmonitor?channel=1&subtype=0, /, cam/realmonitor?channel=1&subtype=0, cam/realmonitor?channel=1&subtype=0, cam/realmonitor?channel=1&subtype=0, cam/realmonitor?channel=1&subtype=0, cam/realmonitor?channel=1&subtype=0, cam/realmonitor?channel=1&subtype=0, cam/realmonitor?channel=1&subtype=0, cam/realmonitor?channel=1&subtype=0, cam/realmonitor?channel=1&subtype=0, /, cam/realmonitor?channel=1&subtype=0, cam/realmonitor?channel=1&subtype=0, cam/realmonitor?channel=1&subtype=0, cam/realmonitor?channel=1&subtype=0, cam/realmonitor?channel=1&subtype=0, cam/realmonitor?channel=1&subtype=0, cam/realmonitor?channel=1&subtype=0, cam/realmonitor?channel=1&subtype=0, cam/realmonitor?channel=1&subtype=0, cam/realmonitor?channel=1&subtype=0, cam/realmonitor?channel=1&subtype=0, cam/realmonitor?channel=1&subtype=0, cam/realmonitor?channel=1&subtype=0, cam/realmonitor?channel=1&subtype=0, cam/realmonitor?channel=1&subtype=0, cam/realmonitor?channel=1&subtype=0, cam/realmonitor?channel=1&subtype=0, cam/realmonitor?channel=1&subtype=0, cam/realmonitor?channel=1&subtype=0, cam/realmonitor?channel=1&subtype=0, cam/realmonitor?channel=1&subtype=0, cam/realmonitor?channel=1&subtype=0, cam/realmonitor?channel=1&subtype=0, cam/realmonitor?channel=1&subtype=0, cam/realmonitor?channel=1&subtype=0, cam/realmonitor?channel=1&subtype=0, cam/realmonitor?channel=1&subtype=0, /, /, cam/realmonitor?channel=1&subtype=0, cam/realmonitor?channel=1&subtype=0",,554,
24,Sony,sony,"Default, SNCCH110/B, SNCCH110/S, SNCCH120, SNCCH140, SNCCH160, SNCCH180, SNCCH210/B, SNCCH210/S, SNCCH220, SNCCH240, SNCCH260, SNCCH280, SNCCX600, SNCCX600W, SNCDH110/B, SNCDH110T/B, SNCDH110T/W, SNCDH110/W, SNCDH120, SNCDH120T, SNCDH140, SNCDH140T, SNCDH160, SNCDH180, SNCDH210/B, SNCDH210T/B, SNCDH210T/W, SNCDH210/W, SNCDH220, SNCDH220T, SNCDH240, SNCDH240T, SNCDH260, SNCDH280, SNCEB600, SNCEB600B, SNCEB630, SNCEB630B, SNCEM600, SNCEM601, SNCEM602R, SNCEM631, SNCEM632R, SNCHM662, SNCRH124, SNCRH124-2, SNCRH164, SNC-RZ25P, SNCVB600, SNCVB600B, SNCVB630, SNCVB635, SNCVM600, SNCVM600B, SNCVM601, SNCVM601B, SNCVM602R, SNCVM630, SNCVM631, SNCVM632R, SNCWR600, SNCWR602, SNCWR630, SNCWR632, SNCXM632, SNCXM636, SNCXM637",68,"media/video1, media/video1, media/video1, media/video1, media/video1, media/video1, media/video1, media/video1, media/video1, media/video1, media/video1, media/video1, media/video1, media/video1, media/video1, media/video1, media/video1, media/video1, media/video1, media/video1, media/video1, media/video1, media/video1, media/video1, media/video1, media/video1, media/video1, media/video1, media/video1, media/video1, media/video1, media/video1, media/video1, media/video1, media/video1, media/video1, media/video1, media/video1, media/video1, media/video1, media/video1, media/video1, media/video1, media/video1, media/video1, media/video1, media/video1, media/video1, media/video1, media/video1, media/video1, media/video1, media/video1, media/video1, media/video1, media/video1, media/video1, media/video1, media/video1, media/video1, media/video1, media/video1, media/video1, media/video1, media/video1, media/video1, media/video1, media/video1",,554,
25,Sricam,sricam,"Ap001, AP002, AP003, AP004, AP004B, AP005, AP006, AP008, AP009, AP011, AP013, Default, SP005, SP006, SP007, SP008, SP011",17,"/, /, /",,554,
26,Tenvis,tenvis,"3815W, Default",2,videostream.asf,,554,
27,3S Vision,3s-vision,"Default, N1011, N1031, N1072, N1073, N3011, N3011-C, N3031, N3071, N3072, N3072-C, N3073, N3074, N3075, N4011, N4012, N4013, N5011, N5012, N5013, N6011, N6013, N6013-A, N6013-C, N6015, N6019, N6031, N6033, N6035, N6037, N6038, N6042, N6048, N6071, N6072, N6073, N6074, N6075, N6076, N6076-C, N6077, N6078, N6078-C, N6079, N6082, N8011, N8012, N8031, N8032, N8071, N8071-C, N8072, N8072-C, N9012, N9017, N9018, N9032, N9033, N9034, N9041, N9042, N9045, N9071, N9071-C, N9073, N9074, N9082, N9085",68,"cgi-bin/view.cgi, cgi-bin/view.cgi, cgi-bin/view.cgi, cgi-bin/view.cgi, cgi-bin/view.cgi, cgi-bin/view.cgi, cgi-bin/view.cgi, cgi-bin/view.cgi, cgi-bin/view.cgi, cgi-bin/view.cgi, cgi-bin/view.cgi, cgi-bin/view.cgi, cgi-bin/view.cgi, cgi-bin/view.cgi, cgi-bin/view.cgi, cgi-bin/view.cgi, cgi-bin/view.cgi, cgi-bin/view.cgi, cgi-bin/view.cgi, cgi-bin/view.cgi, cgi-bin/view.cgi, cgi-bin/view.cgi, cgi-bin/view.cgi, cgi-bin/view.cgi, cgi-bin/view.cgi, cgi-bin/view.cgi, cgi-bin/view.cgi, cgi-bin/view.cgi, cgi-bin/view.cgi, cgi-bin/view.cgi, cgi-bin/view.cgi, cgi-bin/view.cgi, cgi-bin/view.cgi, cgi-bin/view.cgi, cgi-bin/view.cgi, cgi-bin/view.cgi, cgi-bin/view.cgi, cgi-bin/view.cgi, cgi-bin/view.cgi, cgi-bin/view.cgi, cgi-bin/view.cgi, cgi-bin/view.cgi, cgi-bin/view.cgi, cgi-bin/view.cgi, cgi-bin/view.cgi, cgi-bin/view.cgi, cgi-bin/view.cgi, cgi-bin/view.cgi, cgi-bin/view.cgi, cgi-bin/view.cgi, cgi-bin/view.cgi, cgi-bin/view.cgi, cgi-bin/view.cgi, cgi-bin/view.cgi, cgi-bin/view.cgi, cgi-bin/view.cgi, cgi-bin/view.cgi, cgi-bin/view.cgi, cgi-bin/view.cgi, cgi-bin/view.cgi, cgi-bin/view.cgi, cgi-bin/view.cgi, cgi-bin/view.cgi, cgi-bin/view.cgi, cgi-bin/view.cgi, cgi-bin/view.cgi, cgi-bin/view.cgi, cgi-bin/view.cgi",,554,
28,Agasio,agasio,"A500W, A500WW, A502W, A503W, A512-POE, A533W, A602W, A603W, A612-POE, A622W, Default, M105I, M1BF",13,"videostream.asf?, videostream.asf?, videostream.asf?, videostream.asf?, videostream.asf?, videostream.asf?, videostream.asf?, videostream.asf?, videostream.asf?, videostream.asf?",,554,
29,Aposonic,aposonic,"A-IPBI02, A-IPBIV01, A-IPBIV02, A-IPH7A26W, A-IPH7A88, A-IPHFE01, A-IPMIV01, Default",8,"cgi-bin/net_video.cgi, cgi-bin/net_video.cgi, cgi-bin/net_video.cgi, cgi-bin/net_video.cgi, cgi-bin/net_video.cgi, cgi-bin/net_video.cgi, cgi-bin/net_video.cgi, cgi-bin/net_video.cgi",,554,
30,Canon,canon,"Default, VB-905F, VB-C60, VB-H41, VB-H610D, VB-H610VE, VB-H710F, VB-M40, VB-M600D, VB-M600VE, VB-M700F, VB-S30D, VB-S31D, VB-S800D, VB-S900F",15,"cam1/h264, cam1/h275, cam1/h266, cam1/h264, cam1/h271, cam1/h270, cam1/h276, cam1/h265, cam1/h273, cam1/h272, cam1/h277, cam1/h267, cam1/h268, cam1/h269, cam1/h274",,554,
31,CP-Plus,cp-plus,"CP-KNC-CV10, CP-KNC-CV10W, CP-RNC-BP20C, CP-RNC-DP20FL2C, CP-RNC-DV10, CP-RNC-DV20, CP-RNC-TP20FL3C, CP-RNP-12D, CP-RNP-1820, CP-RNP-36D, CP-UNC-B5254, CP-UNC-B5254S, CP-UNC-BP10C, CP-UNC-BP13C, CP-UNC-BP13CD, CP-UNC-BP30CD, CP-UNC-BP50C, CP-UNC-BY10C, CP-UNC-BY20C, CP-UNC-BY30C, CP-UNC-CP10L1, CP-UNC-CP10L1A, CP-UNC-CP10L1W, CP-UNC-CS10L1, CP-UNC-CS10L1W, CP-UNC-D1011, CP-UNC-D1011L2, CP-UNC-D2322L2, CP-UNC-D4142L2, CP-UNC-D4352L2, CP-UNC-DP10, CP-UNC-DP10L2C, CP-UNC-DP13FC, CP-UNC-DP13FL2C, CP-UNC-DP20L2C, CP-UNC-DY20FC, CP-UNC-DY20FL2C, CP-UNC-E2234, CP-UNC-T1011L2, CP-UNC-T2322L2, CP-UNC-T4142L3, CP-UNC-T4352EL3, CP-UNC-T5142L3, CP-UNC-T5254L10, CP-UNC-T5254L3, CP-UNC-T5254L5, CP-UNC-TP10L2C, CP-UNC-TP13FL2CD, CP-UNC-TP13L3C, CP-UNC-TP30FL2CD, CP-UNC-TY10FL5C, CP-UNC-TY20FL2C, CP-UNC-TY20L2C, CP-UNC-TY20ZL2C, CP-UNC-TY30FL2C, CP-UNC-TY30FL3C, CP-UNC-V4142, CP-UNC-V4142L3, CP-UNC-V4342L3, CP-UNC-V4352, CP-UNC-V5142L2, CP-UNC-V5254L2, CP-UNC-V5254L2T, CP-UNC-VP13FC, CP-UNC-VP13FCD, CP-UNC-VP13FL2C, CP-UNC-VP13FL2CD, CP-UNC-VP30FCD, CP-UNC-VP30FL2CD, CP-UNC-VY10FC, CP-UNC-VY10FL2C, CP-UNC-VY20, CP-UNC-VY20FC, CP-UNC-VY20FL2C, CP-UNC-VY20ZC, CP-UNC-VY20ZL2C, CP-UNC-VY30FC, CP-UNC-VY30FL2C, CP-UNP-0320, CP-UNP-1813D, CP-UNP-1813DH, CP-UNP-1813L10D, CP-UNP-1813L10DH, CP-UNP-18D, CP-UNP-18L8D, CP-UNP-2013S, CP-UNP-2013SL10, CP-UNP-2020, CP-UNP-2020D, CP-UNP-2020FL15, CP-UNP-2020L10, CP-UNP-2020L10D, CP-UNP-2020PL20, CP-UNP-2020SL10, CP-UNP-2020SL10T, CP-UNP-2030D, CP-UNP-2030L10D, CP-UNP-2030L15D, CP-UNP-23, CP-UNP-23L8, CP-UNP-2813D, CP-UNP-28D, CP-UNP-28L8D, CP-UNP-3013D, CP-UNP-3020F, CP-UNP-3020FL15, CP-UNP-3020SL10, CP-UNP-3020SL10T, CP-UNP-36D, CP-UNP-36L8, CP-UNP-36L8D, CP-UNP-37, CP-UNP-4212E, CP-UNP-4212T, CP-UNZ-1810CD, Default",116,,,554,
32,Dericam,dericam,"Default, H201C, H201C-TM, H204W, H206C, H206C-TM, H216W, H502W, H504W, H601W, H602C, H602C-TM, H802W, M204W, M601W, M801W",16,"videostream.asf, videostream.asf, videostream.asf, videostream.asf, videostream.asf, videostream.asf, videostream.asf, videostream.asf, videostream.asf, videostream.asf, videostream.asf, videostream.asf, videostream.asf, videostream.asf, videostream.asf, videostream.asf",,554,
33,Siemens,siemens,"CCIC1410-LAW, CCID1410-ST, CCID1445-DN18, CCID1445-DN28, CCID1445-DN36, CCIS1425, CCMS2025, CCMW1025, CCMW3025, CFIS1425, CFMS2025, CFMW1025, CFMW3025, CVMS2025-IR, CVMW3025-IR, Default",16,"video.mp4, img/video.asf, img/video.asf, img/video.asf, img/video.asf, video.mp4, video.mp4, video.mp4, video.mp4, video.mp4, video.mp4, video.mp4, video.mp4, img/video.asf, img/video.asf, video.mp4",,554,
34,Coolead,coolead,"Default, L610WS",2,"/, /",,554,
35,Evercam,evercam,Default,1,,,554,
36,Geniv,geniv,Default,1,,,554,
37,Other,other,Other,1,,,554,
38,TP-Link Technologies,tplink,"Default, TL-NC 200, TL-NC220, TL-SC2020, TL-SC2020N, TL-SC3130, TL-SC3130G, TL-SC3171, TL-SC3171G, TL-SC3230, TL-SC3230N",11,"video.h264, video.h264, video.h264, video.h264, video.h264, video.h264, video.h264, video.h264, video.h264, video.h264, video.h264",,554,
39,D-Link Corporation,dlink,"DCS-1000, DCS-1000W, DCS-1100, DCS-1130, DCS-2000, DCS-2100G, DCS-2100-PLUS, DCS-2120, DCS-2121, DCS-2130, DCS-2132L, DCS-2136L, DCS-2210, DCS-2230, DCS-2310L, DCS-2330L, DCS-2332L, DCS-3010, DCS-3110, DCS-3410, DCS-3411, DCS-3415, DCS-3430, DCS-3710, DCS-3716, DCS-45, DCS-50, DCS-5020L, DCS-5220, DCS-5222L, DCS-5230, DCS-5300, DCS-5300G, DCS-55, DCS-5605, DCS-5610, DCS-60, DCS-6010L, DCS-6110, DCS-6111, DCS-6113, DCS-6210, DCS-6314, DCS-6510, DCS-6511, DCS-6513, DCS-6616, DCS-6815, DCS-6818, DCS-6915, DCS-70, DCS-7010L, DCS-7110, DCS-7410, DCS-7413, DCS-7510, DCS-7513, DCS-900, DCS-920, DCS-930, DCS-930L, DCS-932, DCS-932L, DCS-933L, DCS-942L, Default",66,"live.sdp, live.sdp, play1.sdp, live.sdp, live.sdp, live.sdp, live.sdp, live.sdp, play1.sdp, live.sdp, live.sdp, live.sdp, live.sdp, live.sdp, live.sdp, live.sdp, live.sdp, live.sdp, live.sdp, play1.sdp, play1.sdp, play1.sdp, live.sdp, live.sdp, live.sdp, play1.sdp, play1.sdp, play.sdp, play1.sdp, play.sdp, play.sdp, play1.sdp, play1.sdp, play1.sdp, play.sdp, play1.sdp, play1.sdp, live.sdp, live.sdp, live.sdp, live.sdp, live.sdp, live.sdp, play1.sdp, live.sdp, live.sdp, live.sdp, live.sdp, live.sdp, live.sdp, play1.sdp, /live1.sdp, live.sdp, live.sdp, live.sdp, live.sdp, live.sdp, live.sdp, play1.sdp, live.sdp, live.sdp, live.sdp, live.sdp, live.sdp, play.sdp, live.sdp",,554,
40,Ubiquiti Networks,ubiquiti,"AIRCAM, AIRCAM DOME, AIRCAM HQ, AIRCAM MINI, Default, Test CAM, UVC, UVC-DOME, UVC-PRO",9,"live/ch00_0, live/ch00_0, live/ch00_0, live/ch00_0, live/ch00_0, live/ch00_0, live/ch00_0, live/ch00_0",,554,
41,Motorola,motorola,"Default, Motorola focus 66, Motorola focus73, Motorola focus85, Motorola Scout 85",5,"axis-cgi/mjpg/video.cgi, axis-cgi/mjpg/video.cgi, axis-cgi/mjpg/video.cgi, axis-cgi/mjpg/video.cgi, axis-cgi/mjpg/video.cgi",,554,
42,Hikvision,hikvision,"Construction LR NVR CH 1, Construction LR NVR CH 2, Construction NVR CH 1, Construction NVR CH 2, Construction NVR CH 3, Construction NVR CH 4, Construction NVR CH 5, Construction NVR CH 8, Construction NVR CH 9, Default, DS-2CD2012-I, DS-2CD2015-I, DS-2CD2032-I, DS-2CD2032-I, DS-2CD2035-I, DS-2CD2112-I, DS-2CD2115-I, DS-2CD2132-I, DS-2CD2135-I, DS-2CD2212-I5, DS-2CD2232-I5, DS-2CD2312-I, DS-2CD2332-I, DS-2CD2412F-I-W, DS-2CD2415F-IW-R, DS-2CD2432F-I-W, DS-2CD2512-I-S-W, DS-2CD2515-IWS-R, DS-2CD2532-I-S-W, DS-2CD2612F-I, DS-2CD2612F-I-S, DS-2CD2615-IS-R, DS-2CD2632F-I-S, DS-2CD2712F-I-S, DS-2CD2715F-IS-R, DS-2CD2732F-I-S, DS-2CD2Q10FD-I(W), DS-2CD4012F-A-P-W, DS-2CD4012FWD-A-P-W, DS-2CD4024F-A-P-W, DS-2CD4032FWD-A-P-W, DS-2CD4112F-I-Z, DS-2CD4124F-I-Z, DS-2CD4132FWD-I-Z, DS-2CD4212F-I-Z-H-S, DS-2CD4212FWD-I-Z-H-S, DS-2CD4224F-I-Z-H-S, DS-2CD4232FWD-I-Z-H-S, DS-2CD4312F-I-Z-H-S, DS-2CD4312FWD-I-Z-H-S, DS-2CD4324F-I-Z-H-S, DS-2CD4332FWD-I-Z-H-S, DS-2CD4A26FWD-IZS, DS-2CD6026FHWD-A, DS-2CD6412FWD, DS-2CD702/712P-N-F-E, DS-2CD702/712P-N-F-E (DISCONTINUED), DS-2CD7133-E, DS-2CD7133-E (DISCONTINUED), DS-2CD7153-E, DS-2CD7164-E, DS-2CD7233F-E-I-Z-H, DS-2CD7253F-E-I-Z-H, DS-2CD7254F-E-I-Z-H, DS-2CD7254FWD-E-I-Z-H, DS-2CD7255F-E-I-Z-H, DS-2CD7264FWD-E-I-Z-H, DS-2CD7283F-E-I-Z-H, DS-2CD732F-E, DS-2CD732F-E (DISCONTINUED), DS-2CD733F-E-I-Z, DS-2CD7353F-EI, DS-2CD7353F-E-I, DS-2CD7353F-E-I (DISCONTINUED), DS-2CD752MF-E, DS-2CD752MF-E (DISCONTINUED), DS-2CD752MF-I-FB-H, DS-2CD752MF-I-FB-H (DISCONTINUED), DS-2CD753F-E-I-Z, DS-2CD754F-E-I-Z, DS-2CD754FWD-E-I-Z, DS-2CD755F-E-I-Z, DS-2CD762MF-I-FB-H, DS-2CD762MF-I-FB-H (DISCONTINUED), DS-2CD763P-N-F-E-I-Z, DS-2CD763P-N-F-E-I-Z (DISCONTINUED), DS-2CD764F-E-I-Z, DS-2CD764FWD-E-I-Z, DS-2CD783F-E-I-Z, DS-2CD793P-N-F-E-I-Z, DS-2CD793P-N-FWD-E-I-Z, DS-2CD802/812/892P-N-IR1, DS-2CD802/812/892P-N-IR1 (DISCONTINUED), DS-2CD802/812/892P-N-IR3, DS-2CD802/812/892P-N-IR3 (DISCONTINUED), DS-2CD802/812/892P-N-IR5, DS-2CD802/812/892P-N-IR5 (DISCONTINUED), DS-2CD802/812P-N-F-E-W, DS-2CD802/812P-N-F-E-W (DISCONTINUED), DS-2CD8133F-E, DS-2CD8133F-E, DS-2CD8133F-E (DISCONTINUED), DS-2CD8133F-EW, DS-2CD8153F-E, DS-2CD8153F-E (DISCONTINUED), DS-2CD8233F-EI-Z, DS-2CD8253F-EI-Z, DS-2CD8254F-EI-Z, DS-2CD8254FWD-EI-Z, DS-2CD8255F-EI-Z, DS-2CD8264F-EI-Z, DS-2CD8264FWD-EI, DS-2CD8264FWD-EI-Z, DS-2CD832F-E, DS-2CD832F-E (DISCONTINUED), DS-2CD833F-E-W, DS-2CD8464F-EIW, DS-2CD8464F-EIW-2, DS-2CD853F-E-W, DS-2CD854F-E-W, DS-2CD855-EI3-EI5, DS-2CD855F-E, DS-2CD863P-N-F-E-W, DS-2CD863P-N-F-E-W (DISCONTINUED), DS-2CD864-EI3, DS-2CD864F-E-W, DS-2CD864FWD-E, DS-2CD876BF-MF, DS-2CD876BF-MF (DISCONTINUED), DS-2CD883F-E-W, DS-2CD893PF-E-VERSION-NO.1, DS-2CD893PF-NF-E-W, DS-2CD893PF-NF-WD-E-W, DS-2DE5184-A3, DS-2DF5274-A, DS-2DF7286-A, DS-2DF8223I-AEL, DS-2DF8336IV-AEL(W), ENCODER, Hik Con Delete Me, NVR CH1, NVR CH10, NVR CH11, NVR CH12, NVR CH13, NVR CH14, NVR CH15, NVR CH16, NVR CH17, NVR CH18, NVR CH19, NVR CH1 - Low Res RTSP, NVR CH 1 Nelabuild Chopped, NVR CH1 with PTZ, NVR CH2, NVR CH20, NVR CH21, NVR CH22, NVR CH23, NVR CH24, NVR CH3, NVR CH4, NVR CH5, NVR CH6, NVR CH7, NVR CH8, NVR CH9, NVR Full Resolution CH 1, NVR Full Resolution CH 2, NVR Full Resolution CH 3, NVR Full Resolution CH 4, NVR Full Resolution CH 5, NVR Full Resolution CH 6, NVR Full Resolution CH 7, NVR Full Resolution CH 8, NVR Full Resolution CH 9, VH NVR CH 3, VH NVR CH 9",178,"ISAPI/Streaming/channels/102/av_stream, ISAPI/Streaming/channels/202/av_stream, ISAPI/Streaming/channels/101/av_stream, ISAPI/Streaming/channels/201/av_stream, ISAPI/Streaming/channels/301/av_stream, ISAPI/Streaming/channels/401/av_stream, ISAPI/Streaming/channels/501/av_stream, ISAPI/Streaming/channels/801/av_stream, ISAPI/Streaming/channels/902/av_stream, h264/ch1/maiv_stream, h264/ch1/maiv_stream, h264/ch1/maiv_stream, h264/ch1/maiv_stream, h264/ch1/maiv_stream, h264/ch1/maiv_stream, h264/ch1/maiv_stream, h264/ch1/maiv_stream, h264/ch1/maiv_stream, h264/ch1/maiv_stream, h264/ch1/maiv_stream, h264/ch1/maiv_stream, h264/ch1/maiv_stream, h264/ch1/maiv_stream, h264/ch1/maiv_stream, h264/ch1/maiv_stream, h264/ch1/maiv_stream, h264/ch1/maiv_stream, h264/ch1/maiv_stream, h264/ch1/maiv_stream, h264/ch1/maiv_stream, h264/ch1/maiv_stream, h264/ch1/maiv_stream, h264/ch1/maiv_stream, h264/ch1/maiv_stream, h264/ch1/maiv_stream, h264/ch1/maiv_stream, h264/ch1/maiv_stream, h264/ch1/maiv_stream, h264/ch1/maiv_stream, h264/ch1/maiv_stream, h264/ch1/maiv_stream, h264/ch1/maiv_stream, h264/ch1/maiv_stream, h264/ch1/maiv_stream, h264/ch1/maiv_stream, h264/ch1/maiv_stream, h264/ch1/maiv_stream, h264/ch1/maiv_stream, h264/ch1/maiv_stream, h264/ch1/maiv_stream, h264/ch1/maiv_stream, h264/ch1/maiv_stream, h264/ch1/maiv_stream, h264/ch1/maiv_stream, h264/ch1/maiv_stream, h264/ch1/maiv_stream, h264/ch1/maiv_stream, h264/ch1/maiv_stream, h264/ch1/maiv_stream, h264/ch1/maiv_stream, h264/ch1/maiv_stream, h264/ch1/maiv_stream, h264/ch1/maiv_stream, h264/ch1/maiv_stream, h264/ch1/maiv_stream, h264/ch1/maiv_stream, h264/ch1/maiv_stream, h264/ch1/maiv_stream, h264/ch1/maiv_stream, h264/ch1/maiv_stream, h264/ch1/maiv_stream, h264/ch1/maiv_stream, h264/ch1/maiv_stream, h264/ch1/maiv_stream, h264/ch1/maiv_stream, h264/ch1/maiv_stream, h264/ch1/maiv_stream, h264/ch1/maiv_stream, h264/ch1/maiv_stream, h264/ch1/maiv_stream, h264/ch1/maiv_stream, h264/ch1/maiv_stream, h264/ch1/maiv_stream, h264/ch1/maiv_stream, h264/ch1/maiv_stream, h264/ch1/maiv_stream, h264/ch1/maiv_stream, h264/ch1/maiv_stream, h264/ch1/maiv_stream, h264/ch1/maiv_stream, h264/ch1/maiv_stream, h264/ch1/maiv_stream, h264/ch1/maiv_stream, h264/ch1/maiv_stream, h264/ch1/maiv_stream, h264/ch1/maiv_stream, h264/ch1/maiv_stream, h264/ch1/maiv_stream, h264/ch1/maiv_stream, h264/ch1/maiv_stream, h264/ch1/maiv_stream, h264/ch1/maiv_stream, h264/ch1/maiv_stream, h264/ch1/maiv_stream, h264/ch1/maiv_stream, h264/ch1/maiv_stream, h264/ch1/maiv_stream, h264/ch1/maiv_stream, h264/ch1/maiv_stream, h264/ch1/maiv_stream, h264/ch1/maiv_stream, h264/ch1/maiv_stream, h264/ch1/maiv_stream, h264/ch1/maiv_stream, h264/ch1/maiv_stream, h264/ch1/maiv_stream, h264/ch1/maiv_stream, h264/ch1/maiv_stream, h264/ch1/maiv_stream, h264/ch1/maiv_stream, h264/ch1/maiv_stream, h264/ch1/maiv_stream, h264/ch1/maiv_stream, h264/ch1/maiv_stream, h264/ch1/maiv_stream, h264/ch1/maiv_stream, h264/ch1/maiv_stream, h264/ch1/maiv_stream, h264/ch1/maiv_stream, h264/ch1/maiv_stream, h264/ch1/maiv_stream, h264/ch1/maiv_stream, h264/ch1/maiv_stream, /h264/ch1/maiv_stream, h264/ch1/maiv_stream, h264/ch1/maiv_stream, h264/ch1/maiv_stream, h264/ch1/maiv_stream, h264/ch1/maiv_stream, ISAPI/Streaming/channels/201/av_stream , Streaming/channels/101/av_stream, ISAPI/Streaming/channels/1001/av_stream, ISAPI/Streaming/channels/1101/av_stream, ISAPI/Streaming/channels/1201/av_stream, ISAPI/Streaming/channels/1301/av_stream, ISAPI/Streaming/channels/1401/av_stream, ISAPI/Streaming/channels/1501/av_stream, ISAPI/Streaming/channels/1601/av_stream, ISAPI/Streaming/channels/1701/av_stream, ISAPI/Streaming/channels/1801/av_stream, ISAPI/Streaming/channels/1901/av_stream, /Streaming/Channels/102, /ISAPI/Streaming/channels/101/av_stream, ISAPI/Streaming/channels/101/av_stream, ISAPI/Streaming/channels/201/av_stream, ISAPI/Streaming/channels/2001/av_stream, ISAPI/Streaming/channels/2101/av_stream, ISAPI/Streaming/channels/2201/av_stream, ISAPI/Streaming/channels/2301/av_stream, ISAPI/Streaming/channels/2401/av_stream, Streaming/channels/301/av_stream, Streaming/channels/401/av_stream, ISAPI/Streaming/channels/501/av_stream, ISAPI/Streaming/channels/601/av_stream, ISAPI/Streaming/channels/701/av_stream, ISAPI/Streaming/channels/801/av_stream, ISAPI/Streaming/channels/901/av_stream, /ISAPI/Streaming/channels/101/av_stream, /ISAPI/Streaming/channels/201/av_stream, /ISAPI/Streaming/channels/301/av_stream, /ISAPI/Streaming/channels/401/av_stream, /ISAPI/Streaming/channels/501/av_stream, /ISAPI/Streaming/channels/601/av_stream, /ISAPI/Streaming/channels/701/av_stream, /ISAPI/Streaming/channels/801/av_stream, /ISAPI/Streaming/channels/901/av_stream, ISAPI/Streaming/channels/301/av_stream, ISAPI/Streaming/channels/901/av_stream",(94:E1:AC|BC:AD:28|C4:2F:90|C0:56:E3|BC:AD:28|44:19:B6|28:57:BE|00:95:69|A4:14:37|20:F4:1B|54:C4:15|4C:BD:8F|B4:A3:82|64:DB:8B|94:E1:AC|18:68:CB|58:03:FB|BC:BA:C2|14:2F:FD|64:25:5E),554,
43,Dahua,dahua,"CView Dahua, Default, DH-IPC-HD1100C, DH-IPC-HD1105C, DH-IPC-HD2100, DH-IPC-HD2200C, DH-IPC-HDB4100C-(A), DH-IPC-HDB4100F-PT, DH-IPC-HDB4200C-(A), DH-IPC-HDB4200F-PT, DH-IPC-HDB4300C-(A), DH-IPC-HDB4300F-PT, DH-IPC-HDB5100N, DH-IPC-HDB5100P, DH-IPC-HDB5200N, DH-IPC-HDB5200P, DH-IPC-HDB5202N, DH-IPC-HDB5202P, DH-IPC-HDBW5100N, DH-IPC-HDBW5100P, DH-IPC-HDBW5200N, DH-IPC-HDBW5200P, DH-IPC-HDBW5202N, DH-IPC-HDBW5202P, DH-IPC-HDW1100S, DH-IPC-HDW1105S, DH-IPC-HDW2100, DH-IPC-HDW2200S, DH-IPC-HDW4100C, DH-IPC-HDW4100SN, DH-IPC-HDW4100SP, DH-IPC-HDW4200C, DH-IPC-HDW4200SN, DH-IPC-HDW4200SP, DH-IPC-HDW4300C, DH-IPC-HDW4300SN, DH-IPC-HDW4300SP, DH-IPC-HF8301EN, DH-IPC-HF8301EP, DH-IPC-HFW1100, DH-IPC-HFW1100S, DH-IPC-HFW1105, DH-IPC-HFW1105S, DH-IPC-HFW2100, DH-IPC-HFW2100S, DH-IPC-HFW2200, DH-IPC-HFW2200-B, DH-IPC-HFW2200S, DH-IPC-HFW4100E, DH-IPC-HFW4100SN, DH-IPC-HFW4100SP, DH-IPC-HFW4200E, DH-IPC-HFW4200SN, DH-IPC-HFW4200SP, DH-IPC-HFW4300E, DH-IPC-hfw4300s, DH-IPC-HFW4300SN, DH-IPC-HFW4300SP, DH-IPC-HFW5100CN, DH-IPC-HFW5100CP, DH-IPC-HFW5100DN, DH-IPC-HFW5100DP, DH-IPC-HFW5100N-IRA, DH-IPC-HFW5100P-IRA, DH-IPC-HFW5200C, DH-IPC-HFW5200DN, DH-IPC-HFW5200DP, DH-IPC-HFW5200N-IRA, DH-IPC-HFW5200P-IRA, DH-IPC-HFW5202C, DH-IPC-HFW8301EN, DH-IPC-HFW8301EP, DH-IPC-K100, DH-IPC-K100A, DH-IPC-K100W, DH-IPC-K200, DH-IPC-K200A, DH-IPC-K200W, DH-IPC-KW100, DH-IPC-KW100A, DH-IPC-KW100W, DH-IPC-KW10(W), DH-IPC-KW12(W), DH-SD3282D-GN, DH-SD40212S-HN, DH-SD42212S-HN, DH-SD42C212S-HN, DH-SD59120S-HN, DH-SD59212S-HN, DH-SD59220S-HN, DH-SD59230S-HN, DH-SD63120S-HN, DH-SD63220S-HN, DH-SD63230S-HN, DH-SD6323C-HN, DH-SD6323E-HN, DH-SD6336E-HN, DH-SD6363E-HN, DH-SD6365E-HN, DH-SD6366E-HN, DH-SD6370-HN, DH-SD6423C-HN, DH-SD6423E-HN, DH-SD6436E-HN, DH-SD6463E-HN, DH-SD6465E-HN, DH-SD6466E-HN, DH-SD6470-HN, DH-SD65220-HN, DH-SD65220-HNI, DH-SD65230-HN, DH-SD65230-HNI, DH-SD65320-HN, DH-SD6580C-HN, DH-SD6580-HN, DH-SD6581B-HN, DH-SD6581C-HN, DH-SD6582A-HN, DH-SD6582C-HN, DH-SD6583A-HN, DH-SD65C80C-HN, DH-SD65C80-HN, DH-SD65C82A-HN, DH-SD65C82C-HN, DH-SD65S220-HN, DH-SD65S220-HNI, DH-SD6982A-HN, DHSD-6982C-HN, DH-SD6983A-HN, DH-SD6A118-HN, DH-SD6A120-HN, DH-SD6A130-HN, DH-SD6A220-HN, DH-SD6A230-HN, DH-SD6A320-HN, DH-SD6AS220-HN, DH-SD6AW130-HN, DH-SD6AW220-HN, DH-SD6AW220-HNI, DH-SD6AW230-HN, DH-SD6AW230-HNI, DH-SD6AW320-HN, DH-SD6C120S-HN, DH-SD6C220S-HN, DH-SD6C230S-HN, HD-SD6980C-HN, HD-SD6980-HN, IPC-DB665, IPC-HDB5200N-DI, IPC-HDB5200P-DI, IPC-HDB5202N-DI, IPC-HDB5202P-DI, IPC-HDB8301, IPC-HDBW4100E-(A)(S), IPC-HDBW4200E-(A)(S), IPC-HDBW4300E-(S), IPC-HDBW5200N-DI, IPC-HDBW5200P-DI, IPC-HDBW5202N-DI, IPC-HDBW5202P-DI, IPC-HDBW5300, IPC-HDBW5300-DI, IPC-HDBW5302, IPC-HDBW5302-DI, IPC-HDBW8301, IPC-HF5100N, IPC-HF5100P, IPC-HF5200N, IPC-HF5200P, IPC-HFW5300C, IPC-HFW5302C, SD65118-HN, SD65120-HN, SD65130-HN, SD6981B-HN, SD6981C-HN",176,"cam/realmonitor?channel=1&subtype=1, cam/realmonitor?channel=1&subtype=1, cam/realmonitor?channel=1&subtype=1, cam/realmonitor?channel=1&subtype=1, cam/realmonitor?channel=1&subtype=1, cam/realmonitor?channel=1&subtype=1, cam/realmonitor?channel=1&subtype=1, cam/realmonitor?channel=1&subtype=1, cam/realmonitor?channel=1&subtype=1, cam/realmonitor?channel=1&subtype=1, cam/realmonitor?channel=1&subtype=1, cam/realmonitor?channel=1&subtype=1, cam/realmonitor?channel=1&subtype=1, cam/realmonitor?channel=1&subtype=1, cam/realmonitor?channel=1&subtype=1, cam/realmonitor?channel=1&subtype=1, cam/realmonitor?channel=1&subtype=1, cam/realmonitor?channel=1&subtype=1, cam/realmonitor?channel=1&subtype=1, cam/realmonitor?channel=1&subtype=1, cam/realmonitor?channel=1&subtype=1, cam/realmonitor?channel=1&subtype=1, cam/realmonitor?channel=1&subtype=1, cam/realmonitor?channel=1&subtype=1, cam/realmonitor?channel=1&subtype=1, cam/realmonitor?channel=1&subtype=1, cam/realmonitor?channel=1&subtype=1, cam/realmonitor?channel=1&subtype=1, cam/realmonitor?channel=1&subtype=1, cam/realmonitor?channel=1&subtype=1, cam/realmonitor?channel=1&subtype=1, cam/realmonitor?channel=1&subtype=1, cam/realmonitor?channel=1&subtype=1, cam/realmonitor?channel=1&subtype=1, cam/realmonitor?channel=1&subtype=1, cam/realmonitor?channel=1&subtype=1, cam/realmonitor?channel=1&subtype=1, cam/realmonitor?channel=1&subtype=1, cam/realmonitor?channel=1&subtype=1, cam/realmonitor?channel=1&subtype=1, cam/realmonitor?channel=1&subtype=1, cam/realmonitor?channel=1&subtype=1, cam/realmonitor?channel=1&subtype=1, cam/realmonitor?channel=1&subtype=1, cam/realmonitor?channel=1&subtype=1, cam/realmonitor?channel=1&subtype=1, cam/realmonitor?channel=1&subtype=1, cam/realmonitor?channel=1&subtype=1, cam/realmonitor?channel=1&subtype=1, cam/realmonitor?channel=1&subtype=1, cam/realmonitor?channel=1&subtype=1, cam/realmonitor?channel=1&subtype=1, cam/realmonitor?channel=1&subtype=1, cam/realmonitor?channel=1&subtype=1, cam/realmonitor?channel=1&subtype=1, cam/realmonitor?channel=1&subtype=1, cam/realmonitor?channel=1&subtype=1, cam/realmonitor?channel=1&subtype=1, cam/realmonitor?channel=1&subtype=1, cam/realmonitor?channel=1&subtype=1, cam/realmonitor?channel=1&subtype=1, cam/realmonitor?channel=1&subtype=1, cam/realmonitor?channel=1&subtype=1, cam/realmonitor?channel=1&subtype=1, cam/realmonitor?channel=1&subtype=1, cam/realmonitor?channel=1&subtype=1, cam/realmonitor?channel=1&subtype=1, cam/realmonitor?channel=1&subtype=1, cam/realmonitor?channel=1&subtype=1, cam/realmonitor?channel=1&subtype=1, cam/realmonitor?channel=1&subtype=1, cam/realmonitor?channel=1&subtype=1, cam/realmonitor?channel=1&subtype=1, cam/realmonitor?channel=1&subtype=1, cam/realmonitor?channel=1&subtype=1, cam/realmonitor?channel=1&subtype=1, cam/realmonitor?channel=1&subtype=1, cam/realmonitor?channel=1&subtype=1, cam/realmonitor?channel=1&subtype=1, cam/realmonitor?channel=1&subtype=1, cam/realmonitor?channel=1&subtype=1, cam/realmonitor?channel=1&subtype=1, cam/realmonitor?channel=1&subtype=1, cam/realmonitor?channel=1&subtype=1, cam/realmonitor?channel=1&subtype=1, cam/realmonitor?channel=1&subtype=1, cam/realmonitor?channel=1&subtype=1, cam/realmonitor?channel=1&subtype=1, cam/realmonitor?channel=1&subtype=1, cam/realmonitor?channel=1&subtype=1, cam/realmonitor?channel=1&subtype=1, cam/realmonitor?channel=1&subtype=1, cam/realmonitor?channel=1&subtype=1, cam/realmonitor?channel=1&subtype=1, cam/realmonitor?channel=1&subtype=1, cam/realmonitor?channel=1&subtype=1, cam/realmonitor?channel=1&subtype=1, cam/realmonitor?channel=1&subtype=1, cam/realmonitor?channel=1&subtype=1, cam/realmonitor?channel=1&subtype=1, cam/realmonitor?channel=1&subtype=1, cam/realmonitor?channel=1&subtype=1, cam/realmonitor?channel=1&subtype=1, cam/realmonitor?channel=1&subtype=1, cam/realmonitor?channel=1&subtype=1, cam/realmonitor?channel=1&subtype=1, cam/realmonitor?channel=1&subtype=1, cam/realmonitor?channel=1&subtype=1, cam/realmonitor?channel=1&subtype=1, cam/realmonitor?channel=1&subtype=1, cam/realmonitor?channel=1&subtype=1, cam/realmonitor?channel=1&subtype=1, cam/realmonitor?channel=1&subtype=1, cam/realmonitor?channel=1&subtype=1, cam/realmonitor?channel=1&subtype=1, cam/realmonitor?channel=1&subtype=1, cam/realmonitor?channel=1&subtype=1, cam/realmonitor?channel=1&subtype=1, cam/realmonitor?channel=1&subtype=1, cam/realmonitor?channel=1&subtype=1, cam/realmonitor?channel=1&subtype=1, cam/realmonitor?channel=1&subtype=1, cam/realmonitor?channel=1&subtype=1, cam/realmonitor?channel=1&subtype=1, cam/realmonitor?channel=1&subtype=1, cam/realmonitor?channel=1&subtype=1, cam/realmonitor?channel=1&subtype=1, cam/realmonitor?channel=1&subtype=1, cam/realmonitor?channel=1&subtype=1, cam/realmonitor?channel=1&subtype=1, cam/realmonitor?channel=1&subtype=1, cam/realmonitor?channel=1&subtype=1, cam/realmonitor?channel=1&subtype=1, cam/realmonitor?channel=1&subtype=1, cam/realmonitor?channel=1&subtype=1, cam/realmonitor?channel=1&subtype=1, cam/realmonitor?channel=1&subtype=1, cam/realmonitor?channel=1&subtype=1, cam/realmonitor?channel=1&subtype=1, cam/realmonitor?channel=1&subtype=1, cam/realmonitor?channel=1&subtype=1, cam/realmonitor?channel=1&subtype=1, cam/realmonitor?channel=1&subtype=1, cam/realmonitor?channel=1&subtype=1, cam/realmonitor?channel=1&subtype=1, cam/realmonitor?channel=1&subtype=1, cam/realmonitor?channel=1&subtype=1, cam/realmonitor?channel=1&subtype=1, cam/realmonitor?channel=1&subtype=1, cam/realmonitor?channel=1&subtype=1, cam/realmonitor?channel=1&subtype=1, cam/realmonitor?channel=1&subtype=1, cam/realmonitor?channel=1&subtype=1, cam/realmonitor?channel=1&subtype=1, cam/realmonitor?channel=1&subtype=1, cam/realmonitor?channel=1&subtype=1, cam/realmonitor?channel=1&subtype=1, cam/realmonitor?channel=1&subtype=1, cam/realmonitor?channel=1&subtype=1, cam/realmonitor?channel=1&subtype=1, cam/realmonitor?channel=1&subtype=1, cam/realmonitor?channel=1&subtype=1, cam/realmonitor?channel=1&subtype=1, cam/realmonitor?channel=1&subtype=1, cam/realmonitor?channel=1&subtype=1, cam/realmonitor?channel=1&subtype=1, cam/realmonitor?channel=1&subtype=1, cam/realmonitor?channel=1&subtype=1, cam/realmonitor?channel=1&subtype=1, cam/realmonitor?channel=1&subtype=1, cam/realmonitor?channel=1&subtype=1, cam/realmonitor?channel=1&subtype=1, cam/realmonitor?channel=1&subtype=1, cam/realmonitor?channel=1&subtype=1, cam/realmonitor?channel=1&subtype=1, cam/realmonitor?channel=1&subtype=1",,554,
44,Axis Communications,axis,"205, 205G, 207, 207MW, 207W, 209FD, 210A, 211W, 212 PTZ, 212 PTZ-V, 213 PTZ, 214 PTZ, 215 PTZ, 215 PTZ-E, 216FD, 216MFD, 216MFD-V, 221, 233D, 233D, A205, A207, A221, Default, M1004-W, M1011, M1011-W, M1013, M1014, M1025, M1031, M1031-W, M1033-W, M1034-W, M1054, M10 SERIES, M1103, M1104, M1113, M1113-A, M1113-E, M1113-E-B, M1114, M1114-A, M1114-E, M1114-E-B, M1143-L, M1144-L, M11 SERIES, M2014-E, M3004-V, M3005-V, M3006-V, M3007-P, M3007-PV, M3014, M3024-LVE, M3025-VE, M3026-VE, M3027-PVE, M30 SERIES, M3113-R, M3113-VE, M3114-R, M3114-VE, M31-VE SERIES, M3203, M3203-V, M3204, M3204-V, M32 SERIES, M5013, M5013-V, M5014, M5014-V, M50 SERIES, M7001, M7001 ENCODER, M7014, M7014 QUAD VIEW, M SERIES, P1204, P1214, P1214-E, P1224-E, P1353, P1353-A, P1353-E, P1353-E-B, P1354, P1354-A, P1354-E, P1354-E-B, P1355, P1355-A, P1355-E, P1355-E-B, P1357, P1357-A, P1357-E, P1357-E-B, P3301, P3301-V, P3304, P3304-V, P3346, P3346-V, P3346-VE, P3353, P3354, P3363-V, P3363-VE, P3364-V, P3364-VE, P3367-V, P3367-VE, P3384-V, P3384-VE, P5414-E, P5415-E, P5512, P5512-E, P5522, P5522-E, P5532, P5532-E, P5534, P5534-E, P5544, P8514, P SERIES, Q1602, Q1602-A, Q1602-E, Q1602-E-B, Q1604, Q1604-A, Q1604-E, Q1604-E-B, Q1614, Q1614-A, Q1614-E, Q1614-E-B, Q1755, Q1755-A, Q1755-E, Q1755-E-B, Q1765-LE, Q1910, Q1910-E, Q1921, Q1921-E, Q1922, Q1922-E, Q1931-E, Q6035-E, Q6042, Q6042-C, Q6042-E, Q6042-S, Q6044, Q6044-C, Q6044-E, Q6044-S, Q6045, Q6045-C, Q6045-E, Q6045-S, Q7401 CH-1, Q7401 CH-2, Q7401 CH-3, Q7401 CH-4, Q8721-E, Q8722-E, Q SERIES",175,"axis-media/media.amp, axis-media/media.amp, axis-media/media.amp, axis-media/media.amp, axis-media/media.amp, axis-media/media.amp, axis-media/media.amp, axis-media/media.amp, axis-media/media.amp, axis-media/media.amp, axis-media/media.amp, axis-media/media.amp, axis-media/media.amp, axis-media/media.amp, axis-media/media.amp, axis-media/media.amp, axis-media/media.amp, axis-media/media.amp, axis-media/media.amp, axis-media/media.amp, axis-media/media.amp, axis-media/media.amp, axis-media/media.amp, axis-media/media.amp, axis-media/media.amp, axis-media/media.amp, axis-media/media.amp, axis-media/media.amp, axis-media/media.amp, axis-media/media.amp, axis-media/media.amp, axis-media/media.amp, axis-media/media.amp, axis-media/media.amp, axis-media/media.amp, axis-media/media.amp, axis-media/media.amp, axis-media/media.amp, axis-media/media.amp, axis-media/media.amp, axis-media/media.amp, axis-media/media.amp, axis-media/media.amp, axis-media/media.amp, axis-media/media.amp, axis-media/media.amp, axis-media/media.amp, axis-media/media.amp, axis-media/media.amp, axis-media/media.amp, axis-media/media.amp, axis-media/media.amp, axis-media/media.amp, axis-media/media.amp, axis-media/media.amp, axis-media/media.amp, axis-media/media.amp, axis-media/media.amp, axis-media/media.amp, axis-media/media.amp, axis-media/media.amp, axis-media/media.amp, axis-media/media.amp, axis-media/media.amp, axis-media/media.amp, axis-media/media.amp, axis-media/media.amp, axis-media/media.amp, axis-media/media.amp, axis-media/media.amp, axis-media/media.amp, axis-media/media.amp, axis-media/media.amp, axis-media/media.amp, axis-media/media.amp, axis-media/media.amp, axis-media/media.amp, axis-media/media.amp, axis-media/media.amp, axis-media/media.amp, axis-media/media.amp, axis-media/media.amp, axis-media/media.amp, axis-media/media.amp, axis-media/media.amp, axis-media/media.amp, axis-media/media.amp, axis-media/media.amp, axis-media/media.amp, axis-media/media.amp, axis-media/media.amp, axis-media/media.amp, axis-media/media.amp, axis-media/media.amp, axis-media/media.amp, axis-media/media.amp, axis-media/media.amp, axis-media/media.amp, axis-media/media.amp, axis-media/media.amp, axis-media/media.amp, axis-media/media.amp, axis-media/media.amp, axis-media/media.amp, axis-media/media.amp, axis-media/media.amp, axis-media/media.amp, axis-media/media.amp, axis-media/media.amp, axis-media/media.amp, axis-media/media.amp, axis-media/media.amp, axis-media/media.amp, axis-media/media.amp, axis-media/media.amp, axis-media/media.amp, axis-media/media.amp, axis-media/media.amp, axis-media/media.amp, axis-media/media.amp, axis-media/media.amp, axis-media/media.amp, axis-media/media.amp, axis-media/media.amp, axis-media/media.amp, axis-media/media.amp, axis-media/media.amp, axis-media/media.amp, axis-media/media.amp, axis-media/media.amp, axis-media/media.amp, axis-media/media.amp, axis-media/media.amp, axis-media/media.amp, axis-media/media.amp, axis-media/media.amp, axis-media/media.amp, axis-media/media.amp, axis-media/media.amp, axis-media/media.amp, axis-media/media.amp, axis-media/media.amp, axis-media/media.amp, axis-media/media.amp, axis-media/media.amp, axis-media/media.amp, axis-media/media.amp, axis-media/media.amp, axis-media/media.amp, axis-media/media.amp, axis-media/media.amp, axis-media/media.amp, axis-media/media.amp, axis-media/media.amp, axis-media/media.amp, axis-media/media.amp, axis-media/media.amp, axis-media/media.amp, axis-media/media.amp, axis-media/media.amp, axis-media/media.amp, axis-media/media.amp, axis-media/media.amp, axis-media/media.amp, axis-media/media.amp, axis-media/media.amp, axis-media/media.amp, axis-cgi/mjpg/video.cgi?camera=1, axis-cgi/mjpg/video.cgi?camera=2, axis-cgi/mjpg/video.cgi?camera=3, axis-cgi/mjpg/video.cgi?camera=4, axis-media/media.amp, axis-media/media.amp, axis-media/media.amp?resolution=640x360",(AC:CC:8E|00:40:8C),554,
45,Edimax,edimax,"1520DP, Default",2,video.cgi,,554,
46,Insteon,insteon,"Default, HD Outdoor WiFi Camera, WiFi Camera HD Black, WiFi Camera HD White, WiFi Camera SD Black, WiFi Camera SD White",6,"videoMain, videoMain, videoMain, videoMain, videoMain, videoMain",,554,
47,Afreey,afreey,"ADC-3008MB, ADC-3018M, ADC-3018MBF, ADC-3018S, ANC-2160M, ANC-2160MF, ANC-2160S, ANC-2260MB, ANC-2360MB, ANC-2460MB, ANC-2860M, ANC-2860S, ANC-3210HA, ANC-3210M, ANC-3210S, ANC-3211HA, ANC-3211M, ANC-3211S, ANC-3220MB, ANC-3221MB, ANC-3311MB, ANC-3321MB, ANC-5320GSF, ANC-5320VSF, ANC-606GM, ANC-606GS, ANC-606VM, ANC-606VS, ANC-808GMB, ANC-808PMB, ANC-818GHA, ANC-818GM, ANC-818GS, ANC-818VHA, ANC-818VM, ANC-818VS, Default",37,,,554,
48,Apexis,apexis,Default,1,,,554,
49,Asoni,asoni,"CAM615, CAM619M, CAM619MIR, CAM619MV, CAM635, CAM636MV, CAM641, CAM646MIR, CAM649MV, CAM661H, CAM6623FIR, CAM662HIR, CAM6661FIR, CAM6691FICR, CAM6704HIR, CAM6714HIR, CAM6723FIR, CAM6724FIR, CAM6733F, CAM6734FIR, CAM6801TICR, CAM6833EIR, CAM6833EV, CAM6834EIR, CAM6923FIR, CAM743FICR, CAM746FIR, CAM748FIR, Default",29,,,554,
50,Basler,basler,"BIP2-1000C, BIP2-1000C-DN, BIP2-1280C, BIP2-1280C-DN, BIP2-1300C, BIP2-1300C-DN, BIP2-1600-25C, BIP2-1600-25C-DN, BIP2-1600C, BIP2-1600C-DN, BIP2-1920C, BIP2-1920C-DN, BIP2-2500C, BIP2-2500C-DN, BIP2-640C, BIP2-640C-DN, BIP2-D1000C-DN, BIP2-D1300C-DN, BIP2-D1920C-DN-INDOOR, BIP2-D1920C-DN-OUTDOOR, Default",21,"cgi-bin/jpeg, cgi-bin/jpeg",,554,
51,Bewan,bewan,"Default, ICAM",2,,,554,
52,Beward,beward,"B1055D, B1072, B1072D, B2.920DX, B2.920F, B54-1-IP2, B85-2-IP2, B85-5-IP2, BD2070DV, BD4070H, BD4330, BD4330D, BD4330DH, BD4330DVH, BD75-5, Default, N1000, N1250, N13102, N6601",20,"video.h264, video.h264, video.h264, video.h264, video.h264, video.h264, video.h264, video.h264, cgi-bin/view.cgi, cgi-bin/view.cgi, cgi-bin/view.cgi, cgi-bin/view.cgi, cgi-bin/view.cgi, cgi-bin/view.cgi, video.h264, cgi-bin/view.cgi, video.h264, video.h264, video.h264, video.h264",,554,
53,Compro,compro,"CS40, CS400, CS400P, CS40W, CS530, CS530W, CS80, Default, IP400, IP400P, IP540, IP540P, IP55, IP550, IP550P, IP570, IP570P, IP60, IP70, IP90, IP90P, NC120, NC1200, NC120R, NC150, NC150R, NC2200, NC3230, NC420, NC4230, NC450, NC500, TN1500, TN1500P, TN1500W, TN1600, TN1600P, TN1600W, TN2200, TN30, TN30W, TN3230, TN4230, TN50, TN500, TN500W, TN50W, TN540, TN60, TN600, TN600R, TN600RW, TN600W, TN60W, TN65, TN70, TN80, TN80W, TN900, TN900P, TN900R, TN900RW, TN900W, TN920, TN920P, TN920W, TN95, TN95W, TN96, TN96P, TN96W",71,"medias1, medias1, medias1, medias1, medias1, medias1, medias1, medias1, medias1, medias1, medias1, medias1, medias1, medias1, medias1, medias1, medias1, medias1, medias1, medias1, medias1, medias1, medias1, medias1, medias1, medias1, medias1, medias1, medias1, medias1, medias1, medias1, medias1, medias1, medias1, medias1, medias1, medias1, medias1, medias1, medias1, medias1, medias1, medias1, medias1, medias1, medias1, medias1, medias1, medias1, medias1, medias1, medias1, medias1, medias1, medias1, medias1, medias1, medias1, medias1, medias1, medias1, medias1, medias1, medias1, medias1, medias1, medias1, medias1, medias1, medias1",,554,
54,Dallmeier,dallmeier,"DDF4010HDV, DDF4220HDV PICODOME, DDF4320HD-DN, DDF4520HDV-DN, DDF4620HDV-DN, DDF4820HDV-DN, DDF4920HDV-DN, DDZ3018-YY/HS/IP DOMERA, DDZ3018-YY/RP/IP DOMERA, DDZ3026-YY/HS/IP DOMERA, DDZ3036-WM/HS/IP DOMERA, DDZ4010-YY/HS/HD DOMERA, DDZ4020-YY/HS/HD DOMERA, Default, DF4620HD-DN, DF4820HD-DN, DF4920HD-DN, DF4920HD-DN/IR, MDF4220HD, PANOMERA S4",20,"encoder1, encoder1, encoder1, encoder1, encoder1, encoder1, encoder1, encoder1, encoder1, encoder1, encoder1, encoder1, encoder1, encoder1, encoder1, encoder1, encoder1, encoder1, encoder1, encoder1",,554,
55,Flir,flir,"Default, DNB13TF2, DNB13TL2, DNB14TL2, DNB14UX2, DNB16M2, DND13TL2, DNE12TL2, DNE14TL2, DNV14TL2, DNV14UX2, DNV16M2, DNZ30TL2R",13,,,554,
56,Grandstream,grandstream,"Default, GXV3600_HD, GXV3601-HD, GXV3610-FHD, GXV3610-HD, GXV3611-HD, GXV3615, GXV3615W, GXV3615WP-HD, GXV3651-FHD, GXV3662-FHD, GXV3662-HD, GXV3672-FHD, GXV3672-FHD-36, GXV3672-HD, GXV3672-HD-36, GXV3674-FHD-VF, GXV3674-HD-VF, GXV_DOME",19,"ipcam_h264.sdp, 0 RTSP/1.0, ipcam_h264.sdp, ipcam_h264.sdp, ipcam_h264.sdp, ipcam_h264.sdp, ipcam_h264.sdp, ipcam_h264.sdp, ipcam_h264.sdp, ipcam_h264.sdp, ipcam_h264.sdp, ipcam_h264.sdp, ipcam_h264.sdp, ipcam_h264.sdp, ipcam_h264.sdp, ipcam_h264.sdp, ipcam_h264.sdp, ipcam_h264.sdp, ?=0.345",,554,
57,Grundig,grundig,Default,1,,,554,
58,IQinVision,iqinvision,"Default, IQ030SI-V11, IQ031SI-V11, IQ032SI-V11, IQ761NI-V16, IQ761NI-V6, IQ761WI-V16, IQ761WI-V6, IQ762NI-V16, IQ762NI-V6, IQ762NI-W2, IQ762WI-V16, IQ762WI-V6, IQ762WI-W2, IQ763NI-V16, IQ763NI-V6, IQ763NI-W2, IQ763WI-V16, IQ763WI-V6, IQ763WI-W2, IQ765NI-V6, IQ765NI-V7, IQ765NI-W2, IQ861NE-V16, IQ861NE-V6, IQ861WE-V16, IQ861WE-V6, IQ862NE-V16, IQ862NE-V6, IQ862NE-W2, IQ862WE-V16, IQ862WE-V6, IQ862WE-W2, IQ863NE-V16, IQ863NE-V6, IQ863NE-W2, IQ863WE-V16, IQ863WE-V6, IQ863WE-W2, IQ865NE-V6, IQ865NE-V7, IQ865NE-W2, IQA31NE-A3, IQA31NE-B5, IQA31NI-A3, IQA31NI-B5, IQA31WE-A3, IQA31WE-B5, IQA31WI-A3, IQA31WI-B5, IQA32NE-A3, IQA32NE-B5, IQA32NI-A3, IQA32NI-B5, IQA32NX-A3, IQA32NX-B5, IQA32WE-A3, IQA32WE-B5, IQA32WI-A3, IQA32WI-B5, IQA32WX-A3, IQA32WX-B5, IQA33NE-B5, IQA33NI-B5, IQA33WE-A3, IQA33WE-B5, IQA33WI-A3, IQA33WI-B5, IQA33WX-A3, IQA33WX-B5, IQA35NE-A3, IQA35NE-B6, IQA35NI-A3, IQA35NI-B6, IQA35NX-A3, IQA35NX-B6, IQD30SV-B7, IQD30SV-F1, IQD31SV-B7, IQD31SV-F1, IQD32SV-B7, IQD32SV-F1, IQD51WV-F2, IQD52WV-F2, IQD53WV-F2, IQEYE0417B2, IQM30NE-B5, IQM31NE-B5, IQM32NE-B5, IQM51WR-B5, IQM52WR-B5, IQM53WR-B5, IQR51NR-F9, IQR52NR-F9, IQR53NR-F9",95,"axis-cgi/mjpg/video.cgi, axis-cgi/mjpg/video.cgi, axis-cgi/mjpg/video.cgi, axis-cgi/mjpg/video.cgi, axis-cgi/mjpg/video.cgi, axis-cgi/mjpg/video.cgi, axis-cgi/mjpg/video.cgi, axis-cgi/mjpg/video.cgi, axis-cgi/mjpg/video.cgi, axis-cgi/mjpg/video.cgi, axis-cgi/mjpg/video.cgi, axis-cgi/mjpg/video.cgi, axis-cgi/mjpg/video.cgi, axis-cgi/mjpg/video.cgi, axis-cgi/mjpg/video.cgi, axis-cgi/mjpg/video.cgi, axis-cgi/mjpg/video.cgi, axis-cgi/mjpg/video.cgi, axis-cgi/mjpg/video.cgi, axis-cgi/mjpg/video.cgi, axis-cgi/mjpg/video.cgi, axis-cgi/mjpg/video.cgi, axis-cgi/mjpg/video.cgi, axis-cgi/mjpg/video.cgi, axis-cgi/mjpg/video.cgi, axis-cgi/mjpg/video.cgi, axis-cgi/mjpg/video.cgi, axis-cgi/mjpg/video.cgi, axis-cgi/mjpg/video.cgi, axis-cgi/mjpg/video.cgi, axis-cgi/mjpg/video.cgi, axis-cgi/mjpg/video.cgi, axis-cgi/mjpg/video.cgi, axis-cgi/mjpg/video.cgi, axis-cgi/mjpg/video.cgi, axis-cgi/mjpg/video.cgi, axis-cgi/mjpg/video.cgi, axis-cgi/mjpg/video.cgi, axis-cgi/mjpg/video.cgi, axis-cgi/mjpg/video.cgi, axis-cgi/mjpg/video.cgi, axis-cgi/mjpg/video.cgi, axis-cgi/mjpg/video.cgi, axis-cgi/mjpg/video.cgi, axis-cgi/mjpg/video.cgi, axis-cgi/mjpg/video.cgi, axis-cgi/mjpg/video.cgi, axis-cgi/mjpg/video.cgi, axis-cgi/mjpg/video.cgi, axis-cgi/mjpg/video.cgi, axis-cgi/mjpg/video.cgi, axis-cgi/mjpg/video.cgi, axis-cgi/mjpg/video.cgi, axis-cgi/mjpg/video.cgi, axis-cgi/mjpg/video.cgi, axis-cgi/mjpg/video.cgi, axis-cgi/mjpg/video.cgi, axis-cgi/mjpg/video.cgi, axis-cgi/mjpg/video.cgi, axis-cgi/mjpg/video.cgi, axis-cgi/mjpg/video.cgi, axis-cgi/mjpg/video.cgi, axis-cgi/mjpg/video.cgi, axis-cgi/mjpg/video.cgi, axis-cgi/mjpg/video.cgi, axis-cgi/mjpg/video.cgi, axis-cgi/mjpg/video.cgi, axis-cgi/mjpg/video.cgi, axis-cgi/mjpg/video.cgi, axis-cgi/mjpg/video.cgi, axis-cgi/mjpg/video.cgi, axis-cgi/mjpg/video.cgi, axis-cgi/mjpg/video.cgi, axis-cgi/mjpg/video.cgi, axis-cgi/mjpg/video.cgi, axis-cgi/mjpg/video.cgi, axis-cgi/mjpg/video.cgi, axis-cgi/mjpg/video.cgi, axis-cgi/mjpg/video.cgi, axis-cgi/mjpg/video.cgi, axis-cgi/mjpg/video.cgi, axis-cgi/mjpg/video.cgi, axis-cgi/mjpg/video.cgi, axis-cgi/mjpg/video.cgi, axis-cgi/mjpg/video.cgi, stream1, axis-cgi/mjpg/video.cgi, axis-cgi/mjpg/video.cgi, axis-cgi/mjpg/video.cgi, axis-cgi/mjpg/video.cgi, axis-cgi/mjpg/video.cgi, axis-cgi/mjpg/video.cgi, axis-cgi/mjpg/video.cgi, axis-cgi/mjpg/video.cgi, axis-cgi/mjpg/video.cgi",,554,
59,Lumenera,lumenera,"Default, LE045, LE075, LE165, LE175CA, LE175M, LE375, LE575, LI045, LI165, LI175CB, LI175MB",12,"/h264, h264, -, -, -, -, -, -, h264, h264, h264, h264",,554,
60,Mobotix,mobotix,"D12, D15, D22, D24, Default, M12, M22, M24, Q24, Q24, S15",11,,,554,
61,Planet,planet,"Default, ICA-1200, ICA-2200, ICA-2250VT, ICA-2500, ICA-3110, ICA-3200, ICA-3250V, ICA-3260, ICA-3350V, ICA-3550V, ICA-4130S, ICA-4200V, ICA-4210P, ICA-4230S, ICA-4500V, ICA-5150, ICA-5250, ICA-5250V, ICA-5350V, ICA-5550V, ICA-8350, ICA-8500, ICA-H652, ICA-HM101, ICA-HM101W, ICA-HM127, ICA-HM131, ICA-HM132, ICA-HM136, ICA-HM227W, ICA-HM312, ICA-HM316, ICA-HM316W, ICA-HM351, ICA-HM620, ICA-HM830W, ICA-W1200, ICA-W8100, ICA-W8100-CLD, ICA-W8500",41,"h270, h275, h278, h276, h266, h280, h281, h282, h283, h303, h287, h288, h267, h289, h265, h268, h291, h292, h293, h298, h299, h296, h271, h272, h277, h269, h290, h294, h295, h284, h285, h286, h279, h297, h302, h273, h274, h300, h301",,554,
62,Qvis,qvis,"AMB-BL1-DOT-3, AMB-BL2, AMB-BL3, AMB-BLIR3, AMB-BLM2, AMB-EYE1.3, AMB-EYE1.3-AF, AMB-EYE2, AMB-EYE2-AF, AMB-EYE3-AF, AMB-MB1.3, AMB-MB1.3-AF, AMB-MB2, AMB-MB2-AF, AMB-MB3, AMB-MB3-AF, AMB-MD1.3, AMB-VANIR1.3, AMB-VANIR2, AMB-VANIR2-AF, AMB-VANIRM2-AF, APOHD-PTZ20, APOPTZ-18IR, CCP400-2801, CCP400-2802, CCVAN-2801, Default, IPPTZ-12-EXT, IPPTZ-12-INT, PROIP-BL2, PROIP-EYE2, PROIP-MB2, PROIP-VANIR-2, PTZ-IR12A-2-AF, PTZ-IR20-3MP-AF",35,"cam/realmonitor, cam/realmonitor, cam/realmonitor, cam/realmonitor, cam/realmonitor, cam/realmonitor, cam/realmonitor, cam/realmonitor, cam/realmonitor, cam/realmonitor, cam/realmonitor, cam/realmonitor, cam/realmonitor, cam/realmonitor, cam/realmonitor, cam/realmonitor, cam/realmonitor, cam/realmonitor, cam/realmonitor, cam/realmonitor, cam/realmonitor, cam/realmonitor, cam/realmonitor, cam/realmonitor, cam/realmonitor, cam/realmonitor, cam/realmonitor, cam/realmonitor, cam/realmonitor, cam/realmonitor, cam/realmonitor, cam/realmonitor, cam/realmonitor, cam/realmonitor, cam/realmonitor",,554,
63,Sercomm,sercomm,"Default, SHC-OC821, SHC-RC8026, SHC-RC8221",4,"img/media.sav, img/media.sav, img/media.sav, img/media.sav",,554,
64,Starvedia,starvedia,"Default, IC502WPLUS, IC711W, IC717HD, IC727W, IC737W",6,,,554,
65,Teltonika,teltonika,"Default, MVC300, MVC330",3,"PSIA/Streaming/channels/2?videoCodecType=H.264, PSIA/Streaming/channels/2?videoCodecType=H.264, PSIA/Streaming/channels/2?videoCodecType=H.264",,554,
66,Y-cam Solutions,ycam,"Black, Black S, Black SD, Black SD POE, Bullet Black, Bullet HD 1080, Bullet HD 1080 2nd Gen, Bullet HD 720, Bullet HD 720 2nd Gen, Bullet HD Primary, Bullet HD Secondary, Bullet White, Cube, Cube HD 1080, Cube HD 720, Default, Eyeball, knight S, Knight SD, Primary Stream, Secondary Stream, White, White S, White SD, White S PoE",25,"live_h264.sdp, live_h264.sdp, live_h264.sdp, live_h264.sdp, live_h264.sdp, live_h264.sdp, live/0/h264.sdp, live_h264.sdp, live/0/h264.sdp, live_h264.sdp, live_h264_1.sdp, live_h264.sdp, live/0/h264.sdp, live/0/h264.sdp, live/0/h264.sdp, live/0/h264.sdp, live_h264.sdp, live_h264.sdp, live_h264.sdp, live_h264.sdp, live_h264.sdp, live_h264.sdp, live_h264.sdp, live_h264.sdp, live_h264.sdp",,554,
67,Zavio,zavio,"B5010, B5111, B5210, B7210, B7320, B7510, D3100, D3200, D4210, D5113, D5210, D7111, D7210, D7320, D7510, Default, F1100, F1105, F3000, F3005, F3100, F3102, F3107, F3110, F3115, F3201, F3206, F3210, F3215, F7210, P5111, P5116, P5210, P6210",34,"video.pro1, video.pro1, video.pro1, video.pro1, video.pro1, video.pro1, video.pro1, video.pro1, video.pro1, video.pro1, video.pro1, video.pro1, video.pro1, video.pro1, video.pro1, video.pro1, video.pro1, video.pro1, video.pro1, video.pro1, video.h264, video.pro1, video.pro1, video.pro1, video.pro1, video.pro1, video.pro1, video.pro1, video.pro1, video.pro1, video.pro1, video.pro1, video.pro1, video.pro1",,554,
68,Lorex,lorex,Default,1,video.mp4,,554,
69,Vstarcam,vstarcam,"C37, C38, C42, C50S 1080P, C7812WIP, C7815IP, C7815WIP, C7816WIP, C7823 WIP, C7824 WIP, C7833WIP, C7833-X4, C7835 WIP, C7837 WIP, C7838 WIP, C7850IP, C7850WIP, C93, Default, T6835 WIP, T6836 WP, T6892 WP, T7892 WIP",23,"/tcp/av0_0, /tcp/av0_0, /tcp/av0_0, /tcp/av0_1, /tcp/av0_1, /tcp/av0_1, /tcp/av0_1, /tcp/av0_1, /tcp/av0_0, /tcp/av0_0, /tcp/av0_1, /tcp/av0_1, /tcp/av0_0, /tcp/av0_0, /tcp/av0_1, /tcp/av0_1, /tcp/av0_1, /tcp/av0_0, /tcp/av0_1, /tcp/av0_1, /tcp/av0_1, /tcp/av0_1, /tcp/av0_1",,554,
70,Zmodo,zmodo,"Default, All",2,"av0_1, av0_1",,554,"Models:
ZH-IZV15-WAC, ZM-IXB1D-WAC, ZM-IXD1D-WAC, ZM-SH721, ZM-SH75D001-WA, ZM-W0007, ZP-IBG11-P. ZP-IBH13-P. ZP-IBH13-W, ZP-IDP15-W, ZP-IZL14"
71,ICatch,icatch,"CH 1, CH 10, CH 11, CH 12, CH 13, CH 14, CH 15, CH 16, CH 17, CH 18, CH 19, CH 2, CH 20, CH 21, CH 22, CH 23, CH 24, CH 25, CH 26, CH 27, CH 28, CH 29, CH 3, CH 30, CH 31, CH 32, CH 4, CH 5, CH 6, CH 7, CH 8, CH 9, Default",33,"/, /, /, /, /, /, /, /, /, /, /, /, /, /, /, /, /, /, /, /, /, /, /, /, /, /, /, /, /, /, /, /, /",,554,
72,EyeSpy247,eyespy247,"Default, EyeSpy247EXT, EyeSpy247EXT+, EyeSpy247F+, EyeSpy247HDSD, EyeSpy247PTZ",6,"img/media.sav, img/media.sav, img/media.sav, img/media.sav, img/media.sav, img/media.sav",,554,
73,Linksys,linksys,"Default, LCAB03VLNOD, LCAD03FLN, LCAD03VLNOD, LCAM0336OD, MODEL G, MODEL N, WVC200, WVC54GCA, WVC80N",10,"channel1, channel1, channel1, channel1, channel1",,554,
74,ZKTeco,zkteco,Default,1,/11,,554,
76,Jidetech,jidetech,All,1,11,,554,
77,Sharx Security,sharx,H.264 models,1,h264.sdp,(00:0D:F0|00:E0:4C|78:12:B8|00:E0:4B|7C:DD:90),554,
78,Sharx Security,sharx,MPEG-4 models,1,live_mpeg4.sdp,(00:E0:4C|00:80:48),554,
79,Wirepath,wirepath,All,1,,(00:0F:0D|D4:6A:91),554,